1,JAMES,0.0332,10835570,MARY,0.0263,8585507
2,JOHN,0.0327,10682082,PATRICIA,0.0107,3504089
3,ROBERT,0.0314,10264073,LINDA,0.0104,3379992
4,MICHAEL,0.0263,8585507,BARBARA,0.0098,3200379
5,WILLIAM,0.0245,8004214,ELIZABETH,0.0094,3059954
6,DAVID,0.0236,7716833,JENNIFER,0.0093,3043626
7,RICHARD,0.017,5561475,MARIA,0.0083,2703994
8,CHARLES,0.0152,4973651,SUSAN,0.0079,2592960
9,JOSEPH,0.014,4585033,MARGARET,0.0077,2508052
10,THOMAS,0.0138,4506656,DOROTHY,0.0073,2374159
11,CHRISTOPHER,0.0104,3379992,LISA,0.007,2299048
12,DANIEL,0.0097,3180785,NANCY,0.0067,2184749
13,PAUL,0.0095,3095877,KAREN,0.0067,2178217
14,MARK,0.0094,3063220,BETTY,0.0067,2174952
15,DONALD,0.0093,3040360,HELEN,0.0066,2165155
16,GEORGE,0.0093,3027297,SANDRA,0.0063,2054121
17,KENNETH,0.0083,2697462,DONNA,0.0058,1903899
18,STEVEN,0.0078,2547241,CAROL,0.0057,1845117
19,EDWARD,0.0078,2543975,RUTH,0.0056,1835320
20,BRIAN,0.0074,2403550,SHARON,0.0052,1704692
21,RONALD,0.0073,2367627,MICHELLE,0.0052,1694895
22,ANTHONY,0.0072,2354565,LAURA,0.0051,1665503
23,KEVIN,0.0067,2191280,SARAH,0.0051,1658972
24,JASON,0.0066,2155357,KIMBERLY,0.005,1645909
25,MATTHEW,0.0066,2145560,DEBORAH,0.0049,1613252
26,GARY,0.0065,2122701,JESSICA,0.0049,1600190
27,TIMOTHY,0.0064,2090044,SHIRLEY,0.0048,1574064
28,JOSE,0.0061,2001870,CYNTHIA,0.0047,1531610
29,LARRY,0.006,1952884,ANGELA,0.0047,1528344
30,JEFFREY,0.0059,1930025,MELISSA,0.0046,1508750
31,FRANK,0.0058,1897368,BRENDA,0.0046,1485890
32,SCOTT,0.0055,1783068,AMY,0.0045,1472828
33,ERIC,0.0054,1776537,ANNA,0.0044,1436905
34,STEPHEN,0.0054,1763474,REBECCA,0.0043,1404248
35,ANDREW,0.0054,1753677,VIRGINIA,0.0043,1404248
36,RAYMOND,0.0049,1593658,KATHLEEN,0.0042,1384654
37,GREGORY,0.0044,1440171,PAMELA,0.0042,1358528
38,JOSHUA,0.0044,1420576,MARTHA,0.0041,1345466
39,JERRY,0.0043,1410779,DEBRA,0.0041,1332403
40,DENNIS,0.0042,1355263,AMANDA,0.004,1319340
41,WALTER,0.004,1303012,STEPHANIE,0.004,1306277
42,PATRICK,0.0039,1270355,CAROLYN,0.0039,1257292
43,PETER,0.0038,1244229,CHRISTINE,0.0038,1247495
44,HAROLD,0.0037,1211572,MARIE,0.0038,1237698
45,DOUGLAS,0.0037,1198509,JANET,0.0038,1237698
46,HENRY,0.0037,1191978,CATHERINE,0.0037,1218104
47,CARL,0.0035,1129930,FRANCES,0.0037,1208306
48,ARTHUR,0.0034,1094007,ANN,0.0036,1188712
49,RYAN,0.0033,1071147,JOYCE,0.0036,1188712
50,ROGER,0.0032,1051553,DIANE,0.0036,1172384
51,JOE,0.0032,1048287,ALICE,0.0036,1165852
52,JUAN,0.0032,1031959,JULIE,0.0035,1136461
53,JACK,0.0032,1028693,HEATHER,0.0034,1100539
54,ALBERT,0.0031,1025428,TERESA,0.0034,1097273
55,JONATHAN,0.0031,1022162,DORIS,0.0034,1094007
56,JUSTIN,0.0031,1015631,GLORIA,0.0034,1094007
57,TERRY,0.0031,1015631,EVELYN,0.0032,1051553
58,GERALD,0.0031,1009099,JEAN,0.0032,1028693
59,KEITH,0.0031,1005833,CHERYL,0.0032,1028693
60,SAMUEL,0.0031,999302,MILDRED,0.0031,1022162
61,WILLIE,0.003,986239,KATHERINE,0.0031,1022162
62,RALPH,0.0028,920925,JOAN,0.0031,999302
63,LAWRENCE,0.0028,920925,ASHLEY,0.003,989505
64,NICHOLAS,0.0028,898066,JUDITH,0.003,969911
65,ROY,0.0027,891534,ROSE,0.003,966645
66,BENJAMIN,0.0027,881737,JANICE,0.0029,930723
67,BRUCE,0.0026,858877,KELLY,0.0028,924191
68,BRANDON,0.0026,849080,NICOLE,0.0028,917660
69,ADAM,0.0026,845815,JUDY,0.0028,901331
70,HARRY,0.0025,819689,CHRISTINA,0.0028,898066
71,FRED,0.0025,819689,KATHY,0.0027,888269
72,WAYNE,0.0025,813158,THERESA,0.0027,885003
73,BILLY,0.0025,809892,BEVERLY,0.0027,871940
74,STEVE,0.0025,803360,DENISE,0.0026,862143
75,LOUIS,0.0024,793563,TAMMY,0.0026,845815
76,JEREMY,0.0024,790298,IRENE,0.0025,822955
77,AARON,0.0024,783766,JANE,0.0025,816423
78,RANDY,0.0023,757641,LORI,0.0025,809892
79,HOWARD,0.0023,751109,RACHEL,0.0024,790298
80,EUGENE,0.0023,751109,MARILYN,0.0024,787032
81,CARLOS,0.0023,747844,ANDREA,0.0024,770704
82,RUSSELL,0.0022,731515,KATHRYN,0.0023,764172
83,BOBBY,0.0022,728250,LOUISE,0.0023,747844
84,VICTOR,0.0022,724984,SARA,0.0023,747844
85,MARTIN,0.0022,705390,ANNE,0.0023,744578
86,ERNEST,0.0022,702124,JACQUELINE,0.0023,744578
87,PHILLIP,0.0021,695593,WANDA,0.0023,738047
88,TODD,0.0021,695593,BONNIE,0.0022,728250
89,JESSE,0.0021,682530,JULIA,0.0022,728250
90,CRAIG,0.0021,672733,RUBY,0.0022,721718
91,ALAN,0.002,666201,LOIS,0.0022,718452
92,SHAWN,0.002,653139,TINA,0.0022,718452
93,CLARENCE,0.002,643342,PHYLLIS,0.0022,715187
94,SEAN,0.002,643342,NORMA,0.0022,711921
95,PHILIP,0.002,643342,PAULA,0.0022,708655
96,CHRIS,0.002,643342,DIANA,0.0022,705390
97,JOHNNY,0.002,636810,ANNIE,0.0022,705390
98,EARL,0.0019,630279,LILLIAN,0.0021,689061
99,JIMMY,0.0019,623747,EMILY,0.0021,679264
100,ANTONIO,0.0019,620482,ROBIN,0.0021,679264
101,DANNY,0.0019,620482,PEGGY,0.0021,679264
102,BRYAN,0.0019,620482,CRYSTAL,0.0021,675998
103,TONY,0.0019,620482,GLADYS,0.0021,669467
104,LUIS,0.0019,617216,RITA,0.002,666201
105,MIKE,0.0019,617216,DAWN,0.002,659670
106,STANLEY,0.0019,607419,CONNIE,0.002,653139
107,LEONARD,0.0019,607419,FLORENCE,0.002,653139
108,NATHAN,0.0019,604153,TRACY,0.002,643342
109,DALE,0.0018,600888,EDNA,0.002,643342
110,MANUEL,0.0018,591090,TIFFANY,0.002,636810
111,RODNEY,0.0018,587825,CARMEN,0.002,636810
112,CURTIS,0.0018,587825,ROSA,0.0019,633544
113,NORMAN,0.0018,578028,CINDY,0.0019,627013
114,ALLEN,0.0017,568231,GRACE,0.0019,617216
115,MARVIN,0.0017,558434,WENDY,0.0019,604153
116,VINCENT,0.0017,548636,VICTORIA,0.0018,587825
117,GLENN,0.0017,545371,EDITH,0.0018,584559
118,JEFFERY,0.0017,542105,KIM,0.0018,581293
119,TRAVIS,0.0017,542105,SHERRY,0.0018,581293
120,JEFF,0.0017,542105,SYLVIA,0.0018,578028
121,CHAD,0.0017,538839,JOSEPHINE,0.0018,578028
122,JACOB,0.0017,538839,THELMA,0.0018,571496
123,LEE,0.0016,529042,SHANNON,0.0018,571496
124,MELVIN,0.0016,529042,SHEILA,0.0018,571496
125,ALFRED,0.0016,529042,ETHEL,0.0017,568231
126,KYLE,0.0016,522511,ELLEN,0.0017,564965
127,FRANCIS,0.0016,522511,ELAINE,0.0017,564965
128,BRADLEY,0.0016,519245,MARJORIE,0.0017,564965
129,JESUS,0.0016,506182,CARRIE,0.0017,558434
130,HERBERT,0.0016,506182,CHARLOTTE,0.0017,551902
131,FREDERICK,0.0015,502917,MONICA,0.0017,542105
132,RAY,0.0015,499651,ESTHER,0.0017,542105
133,JOEL,0.0015,496385,PAULINE,0.0017,538839
134,EDWIN,0.0015,483323,EMMA,0.0017,538839
135,DON,0.0015,473525,JUANITA,0.0016,535574
136,EDDIE,0.0014,470260,ANITA,0.0016,529042
137,RICKY,0.0014,460463,RHONDA,0.0016,529042
138,TROY,0.0014,450666,HAZEL,0.0016,525777
139,RANDALL,0.0014,450666,AMBER,0.0016,522511
140,BARRY,0.0013,437603,EVA,0.0016,519245
141,ALEXANDER,0.0013,431071,DEBBIE,0.0016,512714
142,BERNARD,0.0013,414743,APRIL,0.0015,502917
143,MARIO,0.0013,408212,LESLIE,0.0015,502917
144,LEROY,0.0013,408212,CLARA,0.0015,499651
145,FRANCISCO,0.0012,404946,LUCILLE,0.0015,499651
146,MARCUS,0.0012,404946,JAMIE,0.0015,499651
147,MICHEAL,0.0012,401680,JOANNE,0.0015,489854
148,THEODORE,0.0012,401680,ELEANOR,0.0015,489854
149,CLIFFORD,0.0012,401680,VALERIE,0.0015,486588
150,MIGUEL,0.0012,398415,DANIELLE,0.0015,486588
151,OSCAR,0.0012,398415,MEGAN,0.0015,480057
152,JAY,0.0012,385352,ALICIA,0.0015,476791
153,JIM,0.0012,385352,SUZANNE,0.0015,473525
154,TOM,0.0012,382086,MICHELE,0.0015,473525
155,CALVIN,0.0012,375555,GAIL,0.0015,473525
156,ALEX,0.0012,375555,BERTHA,0.0014,466994
157,JON,0.0012,375555,DARLENE,0.0014,463728
158,RONNIE,0.0011,369023,VERONICA,0.0014,463728
159,BILL,0.0011,365758,JILL,0.0014,463728
160,LLOYD,0.0011,365758,ERIN,0.0014,460463
161,TOMMY,0.0011,365758,GERALDINE,0.0014,460463
162,LEON,0.0011,365758,LAUREN,0.0014,447400
163,DEREK,0.0011,365758,CATHY,0.0014,447400
164,WARREN,0.0011,359226,JOANN,0.0014,444134
165,DARRELL,0.0011,352695,LORRAINE,0.0014,440869
166,JEROME,0.0011,352695,LYNN,0.0014,440869
167,FLOYD,0.0011,349429,SALLY,0.0014,440869
168,LEO,0.0011,346163,REGINA,0.0013,434337
169,ALVIN,0.0011,342898,ERICA,0.0013,424540
170,TIM,0.001,339632,BEATRICE,0.0013,424540
171,WESLEY,0.001,339632,DOLORES,0.0013,421274
172,GORDON,0.001,339632,BERNICE,0.0013,418009
173,DEAN,0.001,339632,AUDREY,0.0013,414743
174,GREG,0.001,339632,YVONNE,0.0013,411477
175,JORGE,0.001,339632,ANNETTE,0.0013,408212
176,DUSTIN,0.001,336366,JUNE,0.0013,408212
177,PEDRO,0.001,336366,SAMANTHA,0.0012,404946
178,DERRICK,0.001,336366,MARION,0.0012,398415
179,DAN,0.001,329835,DANA,0.0012,398415
180,LEWIS,0.001,323304,STACY,0.0012,395149
181,ZACHARY,0.001,323304,ANA,0.0012,391883
182,COREY,0.001,320038,RENEE,0.0012,391883
183,HERMAN,0.001,316772,IDA,0.0012,385352
184,MAURICE,0.001,316772,VIVIAN,0.0012,385352
185,VERNON,0.001,316772,ROBERTA,0.0012,382086
186,ROBERTO,0.001,316772,HOLLY,0.0012,382086
187,CLYDE,0.001,310241,BRITTANY,0.0012,382086
188,GLEN,0.0009,306975,MELANIE,0.0012,378820
189,HECTOR,0.0009,306975,LORETTA,0.0012,375555
190,SHANE,0.0009,303709,YOLANDA,0.0012,375555
191,RICARDO,0.0009,303709,JEANETTE,0.0012,375555
192,SAM,0.0009,300444,LAURIE,0.0011,372289
193,RICK,0.0009,297178,KATIE,0.0011,369023
194,LESTER,0.0009,297178,KRISTEN,0.0011,362492
195,BRENT,0.0009,293912,VANESSA,0.0011,362492
196,RAMON,0.0009,293912,ALMA,0.0011,362492
197,CHARLIE,0.0009,293912,SUE,0.0011,362492
198,TYLER,0.0009,290647,ELSIE,0.0011,359226
199,GILBERT,0.0009,290647,BETH,0.0011,359226
200,GENE,0.0009,284115,JEANNE,0.0011,355961
201,MARC,0.0009,284115,VICKI,0.0011,355961
202,REGINALD,0.0008,274318,CARLA,0.0011,349429
203,RUBEN,0.0008,267787,TARA,0.0011,349429
204,BRETT,0.0008,267787,ROSEMARY,0.0011,349429
205,ANGEL,0.0008,267787,EILEEN,0.0011,342898
206,NATHANIEL,0.0008,264521,TERRI,0.0011,342898
207,RAFAEL,0.0008,264521,GERTRUDE,0.001,336366
208,LESLIE,0.0008,264521,LUCY,0.001,336366
209,EDGAR,0.0008,261255,TONYA,0.001,333101
210,MILTON,0.0008,261255,ELLA,0.001,329835
211,RAUL,0.0008,257990,STACEY,0.001,329835
212,BEN,0.0008,254724,WILMA,0.001,323304
213,CHESTER,0.0008,254724,GINA,0.001,323304
214,CECIL,0.0008,254724,KRISTIN,0.001,323304
215,DUANE,0.0008,251458,JESSIE,0.001,320038
216,FRANKLIN,0.0008,251458,NATALIE,0.001,320038
217,ANDRE,0.0008,248193,AGNES,0.001,320038
218,ELMER,0.0007,241661,VERA,0.001,320038
219,BRAD,0.0007,238396,WILLIE,0.001,316772
220,GABRIEL,0.0007,238396,CHARLENE,0.001,316772
221,RON,0.0007,235130,BESSIE,0.001,313507
222,MITCHELL,0.0007,235130,DELORES,0.001,310241
223,ROLAND,0.0007,235130,MELINDA,0.0009,306975
224,ARNOLD,0.0007,235130,PEARL,0.0009,306975
225,HARVEY,0.0007,235130,ARLENE,0.0009,306975
226,JARED,0.0007,231864,MAUREEN,0.0009,300444
227,ADRIAN,0.0007,225333,COLLEEN,0.0009,300444
228,KARL,0.0007,225333,ALLISON,0.0009,300444
229,CORY,0.0007,222067,TAMARA,0.0009,300444
230,CLAUDE,0.0007,222067,JOY,0.0009,297178
231,ERIK,0.0007,222067,GEORGIA,0.0009,297178
232,DARRYL,0.0007,218801,CONSTANCE,0.0009,297178
233,JAMIE,0.0007,215536,LILLIE,0.0009,293912
234,NEIL,0.0007,215536,CLAUDIA,0.0009,293912
235,JESSIE,0.0007,212270,JACKIE,0.0009,293912
236,CHRISTIAN,0.0007,212270,MARCIA,0.0009,293912
237,JAVIER,0.0007,212270,TANYA,0.0009,290647
238,FERNANDO,0.0007,212270,NELLIE,0.0009,290647
239,CLINTON,0.0007,212270,MINNIE,0.0009,290647
240,TED,0.0006,209004,MARLENE,0.0009,287381
241,MATHEW,0.0006,209004,HEIDI,0.0009,287381
242,TYRONE,0.0006,209004,GLENDA,0.0009,287381
243,DARREN,0.0006,209004,LYDIA,0.0009,280850
244,LONNIE,0.0006,209004,VIOLA,0.0009,280850
245,LANCE,0.0006,205739,COURTNEY,0.0009,280850
246,CODY,0.0006,205739,MARIAN,0.0009,280850
247,JULIO,0.0006,205739,STELLA,0.0009,277584
248,KELLY,0.0006,205739,CAROLINE,0.0009,277584
249,KURT,0.0006,202473,DORA,0.0008,274318
250,ALLAN,0.0006,199207,JO,0.0008,271053
251,NELSON,0.0006,199207,VICKIE,0.0008,267787
252,GUY,0.0006,195942,MATTIE,0.0008,264521
253,CLAYTON,0.0006,195942,TERRY,0.0008,261255
254,HUGH,0.0006,195942,MAXINE,0.0008,257990
255,MAX,0.0006,192676,IRMA,0.0008,257990
256,DWAYNE,0.0006,192676,MABEL,0.0008,254724
257,DWIGHT,0.0006,189410,MARSHA,0.0008,254724
258,ARMANDO,0.0006,189410,MYRTLE,0.0008,254724
259,FELIX,0.0006,189410,LENA,0.0008,251458
260,JIMMIE,0.0006,189410,CHRISTY,0.0008,251458
261,EVERETT,0.0006,186145,DEANNA,0.0008,248193
262,JORDAN,0.0006,182879,PATSY,0.0008,248193
263,IAN,0.0006,182879,HILDA,0.0008,244927
264,WALLACE,0.0006,182879,GWENDOLYN,0.0007,241661
265,KEN,0.0006,179613,JENNIE,0.0007,238396
266,BOB,0.0006,179613,NORA,0.0007,238396
267,JAIME,0.0006,179613,MARGIE,0.0007,235130
268,CASEY,0.0005,176347,NINA,0.0007,235130
269,ALFREDO,0.0005,176347,CASSANDRA,0.0007,235130
270,ALBERTO,0.0005,173082,LEAH,0.0007,235130
271,DAVE,0.0005,173082,PENNY,0.0007,231864
272,IVAN,0.0005,173082,KAY,0.0007,231864
273,JOHNNIE,0.0005,169816,PRISCILLA,0.0007,231864
274,SIDNEY,0.0005,169816,NAOMI,0.0007,231864
275,BYRON,0.0005,169816,CAROLE,0.0007,231864
276,JULIAN,0.0005,169816,BRANDY,0.0007,228599
277,ISAAC,0.0005,166550,OLGA,0.0007,228599
278,MORRIS,0.0005,166550,BILLIE,0.0007,225333
279,CLIFTON,0.0005,163285,DIANNE,0.0007,225333
280,WILLARD,0.0005,163285,TRACEY,0.0007,225333
281,DARYL,0.0005,163285,LEONA,0.0007,225333
282,ROSS,0.0005,163285,JENNY,0.0007,222067
283,VIRGIL,0.0005,160019,FELICIA,0.0007,222067
284,ANDY,0.0005,160019,SONIA,0.0007,222067
285,MARSHALL,0.0005,160019,MIRIAM,0.0007,215536
286,SALVADOR,0.0005,160019,VELMA,0.0007,215536
287,PERRY,0.0005,160019,BECKY,0.0007,215536
288,KIRK,0.0005,160019,BOBBIE,0.0007,212270
289,SERGIO,0.0005,160019,VIOLET,0.0007,212270
290,MARION,0.0005,156753,KRISTINA,0.0007,212270
291,TRACY,0.0005,156753,TONI,0.0006,209004
292,SETH,0.0005,156753,MISTY,0.0006,205739
293,KENT,0.0005,156753,MAE,0.0006,205739
294,TERRANCE,0.0005,156753,SHELLY,0.0006,202473
295,RENE,0.0005,156753,DAISY,0.0006,202473
296,EDUARDO,0.0005,153488,RAMONA,0.0006,202473
297,TERRENCE,0.0005,153488,SHERRI,0.0006,202473
298,ENRIQUE,0.0005,150222,ERIKA,0.0006,199207
299,FREDDIE,0.0005,150222,KATRINA,0.0006,199207
300,WADE,0.0005,146956,CLAIRE,0.0006,199207
301,AUSTIN,0.0004,143690,LINDSEY,0.0006,195942
302,STUART,0.0004,143690,LINDSAY,0.0006,195942
303,FREDRICK,0.0004,140425,GENEVA,0.0006,192676
304,ARTURO,0.0004,140425,GUADALUPE,0.0006,192676
305,ALEJANDRO,0.0004,140425,BELINDA,0.0006,192676
306,JACKIE,0.0004,140425,MARGARITA,0.0006,192676
307,JOEY,0.0004,140425,SHERYL,0.0006,192676
308,NICK,0.0004,140425,CORA,0.0006,189410
309,LUTHER,0.0004,140425,FAYE,0.0006,189410
310,WENDELL,0.0004,137159,ADA,0.0006,186145
311,JEREMIAH,0.0004,137159,NATASHA,0.0006,186145
312,EVAN,0.0004,137159,SABRINA,0.0006,186145
313,JULIUS,0.0004,137159,ISABEL,0.0006,186145
314,DANA,0.0004,137159,MARGUERITE,0.0006,182879
315,DONNIE,0.0004,133893,HATTIE,0.0006,182879
316,OTIS,0.0004,133893,HARRIET,0.0006,182879
317,SHANNON,0.0004,130628,MOLLY,0.0006,179613
318,TREVOR,0.0004,130628,CECILIA,0.0006,179613
319,OLIVER,0.0004,130628,KRISTI,0.0006,179613
320,LUKE,0.0004,130628,BRANDI,0.0006,179613
321,HOMER,0.0004,130628,BLANCHE,0.0006,179613
322,GERARD,0.0004,130628,SANDY,0.0006,179613
323,DOUG,0.0004,130628,ROSIE,0.0006,179613
324,KENNY,0.0004,127362,JOANNA,0.0006,179613
325,HUBERT,0.0004,127362,IRIS,0.0006,179613
326,ANGELO,0.0004,127362,EUNICE,0.0005,176347
327,SHAUN,0.0004,127362,ANGIE,0.0005,176347
328,LYLE,0.0004,124096,INEZ,0.0005,173082
329,MATT,0.0004,124096,LYNDA,0.0005,173082
330,LYNN,0.0004,124096,MADELINE,0.0005,169816
331,ALFONSO,0.0004,124096,AMELIA,0.0005,169816
332,ORLANDO,0.0004,120831,ALBERTA,0.0005,169816
333,REX,0.0004,120831,GENEVIEVE,0.0005,166550
334,CARLTON,0.0004,120831,MONIQUE,0.0005,166550
335,ERNESTO,0.0004,120831,JODI,0.0005,166550
336,CAMERON,0.0004,120831,JANIE,0.0005,166550
337,NEAL,0.0004,120831,MAGGIE,0.0005,166550
338,PABLO,0.0004,117565,KAYLA,0.0005,166550
339,LORENZO,0.0004,117565,SONYA,0.0005,166550
340,OMAR,0.0004,117565,JAN,0.0005,166550
341,WILBUR,0.0004,117565,LEE,0.0005,166550
342,BLAKE,0.0004,117565,KRISTINE,0.0005,166550
343,GRANT,0.0004,117565,CANDACE,0.0005,166550
344,HORACE,0.0004,117565,FANNIE,0.0005,163285
345,RODERICK,0.0004,117565,MARYANN,0.0005,163285
346,KERRY,0.0004,117565,OPAL,0.0005,163285
347,ABRAHAM,0.0004,114299,ALISON,0.0005,163285
348,WILLIS,0.0004,114299,YVETTE,0.0005,163285
349,RICKEY,0.0004,114299,MELODY,0.0005,163285
350,JEAN,0.0004,114299,LUZ,0.0005,160019
351,IRA,0.0004,114299,SUSIE,0.0005,160019
352,ANDRES,0.0003,111034,OLIVIA,0.0005,160019
353,CESAR,0.0003,111034,FLORA,0.0005,160019
354,JOHNATHAN,0.0003,111034,SHELLEY,0.0005,160019
355,MALCOLM,0.0003,111034,KRISTY,0.0005,156753
356,RUDOLPH,0.0003,111034,MAMIE,0.0005,156753
357,DAMON,0.0003,111034,LULA,0.0005,156753
358,KELVIN,0.0003,111034,LOLA,0.0005,156753
359,RUDY,0.0003,111034,VERNA,0.0005,156753
360,PRESTON,0.0003,111034,BEULAH,0.0005,156753
361,ALTON,0.0003,107768,ANTOINETTE,0.0005,156753
362,ARCHIE,0.0003,107768,CANDICE,0.0005,150222
363,MARCO,0.0003,107768,JUANA,0.0005,150222
364,WM,0.0003,107768,JEANNETTE,0.0005,150222
365,PETE,0.0003,104502,PAM,0.0005,150222
366,RANDOLPH,0.0003,104502,KELLI,0.0005,150222
367,GARRY,0.0003,104502,HANNAH,0.0005,146956
368,GEOFFREY,0.0003,104502,WHITNEY,0.0005,146956
369,JONATHON,0.0003,104502,BRIDGET,0.0005,146956
370,FELIPE,0.0003,104502,KARLA,0.0004,143690
371,BENNIE,0.0003,104502,CELIA,0.0004,143690
372,GERARDO,0.0003,104502,LATOYA,0.0004,140425
373,ED,0.0003,104502,PATTY,0.0004,140425
374,DOMINIC,0.0003,104502,SHELIA,0.0004,140425
375,ROBIN,0.0003,104502,GAYLE,0.0004,140425
376,LOREN,0.0003,104502,DELLA,0.0004,140425
377,DELBERT,0.0003,101236,VICKY,0.0004,140425
378,COLIN,0.0003,101236,LYNNE,0.0004,140425
379,GUILLERMO,0.0003,101236,SHERI,0.0004,137159
380,EARNEST,0.0003,101236,MARIANNE,0.0004,137159
381,LUCAS,0.0003,101236,KARA,0.0004,133893
382,BENNY,0.0003,97971,JACQUELYN,0.0004,133893
383,NOEL,0.0003,97971,ERMA,0.0004,133893
384,SPENCER,0.0003,97971,BLANCA,0.0004,133893
385,RODOLFO,0.0003,97971,MYRA,0.0004,130628
386,MYRON,0.0003,97971,LETICIA,0.0004,130628
387,EDMUND,0.0003,97971,PAT,0.0004,130628
388,GARRETT,0.0003,94705,KRISTA,0.0004,130628
389,SALVATORE,0.0003,94705,ROXANNE,0.0004,130628
390,CEDRIC,0.0003,94705,ANGELICA,0.0004,127362
391,LOWELL,0.0003,94705,JOHNNIE,0.0004,127362
392,GREGG,0.0003,94705,ROBYN,0.0004,127362
393,SHERMAN,0.0003,91439,FRANCIS,0.0004,127362
394,WILSON,0.0003,91439,ADRIENNE,0.0004,127362
395,DEVIN,0.0003,91439,ROSALIE,0.0004,127362
396,SYLVESTER,0.0003,91439,ALEXANDRA,0.0004,127362
397,KIM,0.0003,91439,BROOKE,0.0004,127362
398,ROOSEVELT,0.0003,91439,BETHANY,0.0004,127362
399,ISRAEL,0.0003,91439,SADIE,0.0004,127362
400,JERMAINE,0.0003,91439,BERNADETTE,0.0004,127362
401,FORREST,0.0003,88174,TRACI,0.0004,124096
402,WILBERT,0.0003,88174,JODY,0.0004,124096
403,LELAND,0.0003,88174,KENDRA,0.0004,124096
404,SIMON,0.0003,84908,JASMINE,0.0004,124096
405,GUADALUPE,0.0003,84908,NICHOLE,0.0004,124096
406,CLARK,0.0003,84908,RACHAEL,0.0004,124096
407,IRVING,0.0003,84908,CHELSEA,0.0004,124096
408,CARROLL,0.0003,84908,MABLE,0.0004,124096
409,BRYANT,0.0003,84908,ERNESTINE,0.0004,124096
410,OWEN,0.0003,84908,MURIEL,0.0004,124096
411,RUFUS,0.0003,81642,MARCELLA,0.0004,120831
412,WOODROW,0.0003,81642,ELENA,0.0004,120831
413,SAMMY,0.0003,81642,KRYSTAL,0.0004,120831
414,KRISTOPHER,0.0003,81642,ANGELINA,0.0004,120831
415,MACK,0.0003,81642,NADINE,0.0004,117565
416,LEVI,0.0003,81642,KARI,0.0004,117565
417,MARCOS,0.0003,81642,ESTELLE,0.0004,117565
418,GUSTAVO,0.0003,81642,DIANNA,0.0004,117565
419,JAKE,0.0003,81642,PAULETTE,0.0004,117565
420,LIONEL,0.0002,78377,LORA,0.0004,117565
421,MARTY,0.0002,78377,MONA,0.0004,114299
422,TAYLOR,0.0002,78377,DOREEN,0.0004,114299
423,ELLIS,0.0002,78377,ROSEMARIE,0.0004,114299
424,DALLAS,0.0002,78377,ANGEL,0.0004,114299
425,GILBERTO,0.0002,78377,DESIREE,0.0004,114299
426,CLINT,0.0002,78377,ANTONIA,0.0004,114299
427,NICOLAS,0.0002,78377,HOPE,0.0003,111034
428,LAURENCE,0.0002,78377,GINGER,0.0003,111034
429,ISMAEL,0.0002,78377,JANIS,0.0003,111034
430,ORVILLE,0.0002,78377,BETSY,0.0003,111034
431,DREW,0.0002,78377,CHRISTIE,0.0003,111034
432,JODY,0.0002,78377,FREDA,0.0003,111034
433,ERVIN,0.0002,75111,MERCEDES,0.0003,107768
434,DEWEY,0.0002,75111,MEREDITH,0.0003,107768
435,AL,0.0002,75111,LYNETTE,0.0003,107768
436,WILFRED,0.0002,75111,TERI,0.0003,107768
437,JOSH,0.0002,75111,CRISTINA,0.0003,107768
438,HUGO,0.0002,75111,EULA,0.0003,107768
439,IGNACIO,0.0002,75111,LEIGH,0.0003,104502
440,CALEB,0.0002,75111,MEGHAN,0.0003,104502
441,TOMAS,0.0002,75111,SOPHIA,0.0003,104502
442,SHELDON,0.0002,75111,ELOISE,0.0003,104502
443,ERICK,0.0002,75111,ROCHELLE,0.0003,104502
444,FRANKIE,0.0002,75111,GRETCHEN,0.0003,104502
445,STEWART,0.0002,71845,CECELIA,0.0003,104502
446,DOYLE,0.0002,71845,RAQUEL,0.0003,101236
447,DARREL,0.0002,71845,HENRIETTA,0.0003,101236
448,ROGELIO,0.0002,71845,ALYSSA,0.0003,101236
449,TERENCE,0.0002,71845,JANA,0.0003,101236
450,SANTIAGO,0.0002,71845,KELLEY,0.0003,101236
451,ALONZO,0.0002,71845,GWEN,0.0003,101236
452,ELIAS,0.0002,71845,KERRY,0.0003,101236
453,BERT,0.0002,71845,JENNA,0.0003,97971
454,ELBERT,0.0002,71845,TRICIA,0.0003,97971
455,RAMIRO,0.0002,71845,LAVERNE,0.0003,97971
456,CONRAD,0.0002,71845,OLIVE,0.0003,97971
457,PAT,0.0002,71845,ALEXIS,0.0003,97971
458,NOAH,0.0002,71845,TASHA,0.0003,97971
459,GRADY,0.0002,68580,SILVIA,0.0003,94705
460,PHIL,0.0002,68580,ELVIRA,0.0003,94705
461,CORNELIUS,0.0002,68580,CASEY,0.0003,94705
462,LAMAR,0.0002,68580,DELIA,0.0003,94705
463,ROLANDO,0.0002,68580,SOPHIE,0.0003,94705
464,CLAY,0.0002,68580,KATE,0.0003,94705
465,PERCY,0.0002,68580,PATTI,0.0003,94705
466,DEXTER,0.0002,68580,LORENA,0.0003,94705
467,BRADFORD,0.0002,68580,KELLIE,0.0003,94705
468,MERLE,0.0002,68580,SONJA,0.0003,94705
469,DARIN,0.0002,65314,LILA,0.0003,94705
470,AMOS,0.0002,65314,LANA,0.0003,94705
471,TERRELL,0.0002,65314,DARLA,0.0003,94705
472,MOSES,0.0002,65314,MAY,0.0003,94705
473,IRVIN,0.0002,65314,MINDY,0.0003,94705
474,SAUL,0.0002,65314,ESSIE,0.0003,94705
475,ROMAN,0.0002,65314,MANDY,0.0003,94705
476,DARNELL,0.0002,65314,LORENE,0.0003,91439
477,RANDAL,0.0002,65314,ELSA,0.0003,91439
478,TOMMIE,0.0002,65314,JOSEFINA,0.0003,91439
479,TIMMY,0.0002,62048,JEANNIE,0.0003,91439
480,DARRIN,0.0002,62048,MIRANDA,0.0003,91439
481,WINSTON,0.0002,62048,DIXIE,0.0003,91439
482,BRENDAN,0.0002,62048,LUCIA,0.0003,91439
483,TOBY,0.0002,62048,MARTA,0.0003,91439
484,VAN,0.0002,62048,FAITH,0.0003,91439
485,ABEL,0.0002,62048,LELA,0.0003,91439
486,DOMINICK,0.0002,62048,JOHANNA,0.0003,91439
487,BOYD,0.0002,62048,SHARI,0.0003,91439
488,COURTNEY,0.0002,62048,CAMILLE,0.0003,91439
489,JAN,0.0002,62048,TAMI,0.0003,88174
490,EMILIO,0.0002,62048,SHAWNA,0.0003,88174
491,ELIJAH,0.0002,62048,ELISA,0.0003,88174
492,CARY,0.0002,62048,EBONY,0.0003,88174
493,DOMINGO,0.0002,62048,MELBA,0.0003,88174
494,SANTOS,0.0002,62048,ORA,0.0003,88174
495,AUBREY,0.0002,62048,NETTIE,0.0003,88174
496,EMMETT,0.0002,62048,TABITHA,0.0003,88174
497,MARLON,0.0002,62048,OLLIE,0.0003,88174
498,EMANUEL,0.0002,62048,JAIME,0.0003,88174
499,JERALD,0.0002,62048,WINIFRED,0.0003,88174
500,EDMOND,0.0002,62048,KRISTIE,0.0003,88174
501,EMIL,0.0002,62048,MARINA,0.0003,88174
502,DEWAYNE,0.0002,58782,ALISHA,0.0003,88174
503,WILL,0.0002,58782,AIMEE,0.0003,88174
504,OTTO,0.0002,58782,RENA,0.0003,88174
505,TEDDY,0.0002,58782,MYRNA,0.0003,84908
506,REYNALDO,0.0002,58782,MARLA,0.0003,84908
507,BRET,0.0002,58782,TAMMIE,0.0003,84908
508,MORGAN,0.0002,58782,LATASHA,0.0003,84908
509,JESS,0.0002,58782,BONITA,0.0003,84908
510,TRENT,0.0002,58782,PATRICE,0.0003,84908
511,HUMBERTO,0.0002,58782,RONDA,0.0003,84908
512,EMMANUEL,0.0002,58782,SHERRIE,0.0003,84908
513,STEPHAN,0.0002,58782,ADDIE,0.0003,84908
514,LOUIE,0.0002,58782,FRANCINE,0.0003,81642
515,VICENTE,0.0002,55517,DELORIS,0.0003,81642
516,LAMONT,0.0002,55517,STACIE,0.0003,81642
517,STACY,0.0002,55517,ADRIANA,0.0003,81642
518,GARLAND,0.0002,55517,CHERI,0.0003,81642
519,MILES,0.0002,55517,SHELBY,0.0003,81642
520,MICAH,0.0002,55517,ABIGAIL,0.0003,81642
521,EFRAIN,0.0002,55517,CELESTE,0.0003,81642
522,BILLIE,0.0002,55517,JEWEL,0.0003,81642
523,LOGAN,0.0002,55517,CARA,0.0003,81642
524,HEATH,0.0002,55517,ADELE,0.0003,81642
525,RODGER,0.0002,55517,REBEKAH,0.0003,81642
526,HARLEY,0.0002,55517,LUCINDA,0.0003,81642
527,DEMETRIUS,0.0002,55517,DORTHY,0.0003,81642
528,ETHAN,0.0002,55517,CHRIS,0.0002,78377
529,ELDON,0.0002,55517,EFFIE,0.0002,78377
530,ROCKY,0.0002,52251,TRINA,0.0002,78377
531,PIERRE,0.0002,52251,REBA,0.0002,78377
532,JUNIOR,0.0002,52251,SHAWN,0.0002,78377
533,FREDDY,0.0002,52251,SALLIE,0.0002,78377
534,ELI,0.0002,52251,AURORA,0.0002,78377
535,BRYCE,0.0002,52251,LENORA,0.0002,78377
536,ANTOINE,0.0002,52251,ETTA,0.0002,78377
537,ROBBIE,0.0002,52251,LOTTIE,0.0002,78377
538,KENDALL,0.0002,52251,KERRI,0.0002,78377
539,ROYCE,0.0002,52251,TRISHA,0.0002,78377
540,STERLING,0.0002,52251,NIKKI,0.0002,78377
541,MICKEY,0.0002,52251,ESTELLA,0.0002,78377
542,CHASE,0.0002,52251,FRANCISCA,0.0002,78377
543,GROVER,0.0002,52251,JOSIE,0.0002,78377
544,ELTON,0.0002,52251,TRACIE,0.0002,78377
545,CLEVELAND,0.0002,52251,MARISSA,0.0002,78377
546,DYLAN,0.0002,52251,KARIN,0.0002,78377
547,CHUCK,0.0002,52251,BRITTNEY,0.0002,78377
548,DAMIAN,0.0002,52251,JANELLE,0.0002,78377
549,REUBEN,0.0002,48985,LOURDES,0.0002,78377
550,STAN,0.0002,48985,LAUREL,0.0002,78377
551,AUGUST,0.0002,48985,HELENE,0.0002,78377
552,LEONARDO,0.0002,48985,FERN,0.0002,78377
553,JASPER,0.0002,48985,ELVA,0.0002,78377
554,RUSSEL,0.0002,48985,CORINNE,0.0002,78377
555,ERWIN,0.0002,48985,KELSEY,0.0002,78377
556,BENITO,0.0002,48985,INA,0.0002,75111
557,HANS,0.0002,48985,BETTIE,0.0002,75111
558,MONTE,0.0002,48985,ELISABETH,0.0002,75111
559,BLAINE,0.0002,48985,AIDA,0.0002,75111
560,ERNIE,0.0002,48985,CAITLIN,0.0002,75111
561,CURT,0.0002,48985,INGRID,0.0002,75111
562,QUENTIN,0.0002,48985,IVA,0.0002,75111
563,AGUSTIN,0.0002,48985,EUGENIA,0.0002,75111
564,MURRAY,0.0002,48985,CHRISTA,0.0002,75111
565,JAMAL,0.0001,45720,GOLDIE,0.0002,75111
566,DEVON,0.0001,45720,CASSIE,0.0002,75111
567,ADOLFO,0.0001,45720,MAUDE,0.0002,75111
568,HARRISON,0.0001,45720,JENIFER,0.0002,75111
569,TYSON,0.0001,45720,THERESE,0.0002,71845
570,BURTON,0.0001,45720,FRANKIE,0.0002,71845
571,BRADY,0.0001,45720,DENA,0.0002,71845
572,ELLIOTT,0.0001,45720,LORNA,0.0002,71845
573,WILFREDO,0.0001,45720,JANETTE,0.0002,71845
574,BART,0.0001,45720,LATONYA,0.0002,71845
575,JARROD,0.0001,45720,CANDY,0.0002,71845
576,VANCE,0.0001,45720,MORGAN,0.0002,71845
577,DENIS,0.0001,45720,CONSUELO,0.0002,71845
578,DAMIEN,0.0001,45720,TAMIKA,0.0002,71845
579,JOAQUIN,0.0001,45720,ROSETTA,0.0002,71845
580,HARLAN,0.0001,45720,DEBORA,0.0002,71845
581,DESMOND,0.0001,45720,CHERIE,0.0002,71845
582,ELLIOT,0.0001,45720,POLLY,0.0002,71845
583,DARWIN,0.0001,45720,DINA,0.0002,71845
584,ASHLEY,0.0001,45720,JEWELL,0.0002,68580
585,GREGORIO,0.0001,45720,FAY,0.0002,68580
586,BUDDY,0.0001,45720,JILLIAN,0.0002,68580
587,XAVIER,0.0001,42454,DOROTHEA,0.0002,68580
588,KERMIT,0.0001,42454,NELL,0.0002,68580
589,ROSCOE,0.0001,42454,TRUDY,0.0002,68580
590,ESTEBAN,0.0001,42454,ESPERANZA,0.0002,68580
591,ANTON,0.0001,42454,PATRICA,0.0002,68580
592,SOLOMON,0.0001,42454,KIMBERLEY,0.0002,68580
593,SCOTTY,0.0001,42454,SHANNA,0.0002,68580
594,NORBERT,0.0001,42454,HELENA,0.0002,68580
595,ELVIN,0.0001,42454,CAROLINA,0.0002,68580
596,WILLIAMS,0.0001,42454,CLEO,0.0002,68580
597,NOLAN,0.0001,42454,STEFANIE,0.0002,68580
598,CAREY,0.0001,42454,ROSARIO,0.0002,65314
599,ROD,0.0001,42454,OLA,0.0002,65314
600,QUINTON,0.0001,42454,JANINE,0.0002,65314
601,HAL,0.0001,42454,MOLLIE,0.0002,65314
602,BRAIN,0.0001,42454,LUPE,0.0002,65314
603,ROB,0.0001,42454,ALISA,0.0002,65314
604,ELWOOD,0.0001,42454,LOU,0.0002,65314
605,KENDRICK,0.0001,42454,MARIBEL,0.0002,65314
606,DARIUS,0.0001,42454,SUSANNE,0.0002,65314
607,MOISES,0.0001,42454,BETTE,0.0002,62048
608,SON,0.0001,39188,SUSANA,0.0002,62048
609,MARLIN,0.0001,39188,ELISE,0.0002,62048
610,FIDEL,0.0001,39188,CECILE,0.0002,62048
611,THADDEUS,0.0001,39188,ISABELLE,0.0002,62048
612,CLIFF,0.0001,39188,LESLEY,0.0002,62048
613,MARCEL,0.0001,39188,JOCELYN,0.0002,62048
614,ALI,0.0001,39188,PAIGE,0.0002,62048
615,JACKSON,0.0001,39188,JONI,0.0002,62048
616,RAPHAEL,0.0001,39188,RACHELLE,0.0002,62048
617,BRYON,0.0001,39188,LEOLA,0.0002,62048
618,ARMAND,0.0001,39188,DAPHNE,0.0002,62048
619,ALVARO,0.0001,39188,ALTA,0.0002,62048
620,JEFFRY,0.0001,39188,ESTER,0.0002,62048
621,DANE,0.0001,39188,PETRA,0.0002,62048
622,JOESPH,0.0001,39188,GRACIELA,0.0002,62048
623,THURMAN,0.0001,39188,IMOGENE,0.0002,62048
624,NED,0.0001,39188,JOLENE,0.0002,62048
625,SAMMIE,0.0001,39188,KEISHA,0.0002,62048
626,RUSTY,0.0001,39188,LACEY,0.0002,58782
627,MICHEL,0.0001,39188,GLENNA,0.0002,58782
628,MONTY,0.0001,39188,GABRIELA,0.0002,58782
629,RORY,0.0001,39188,KERI,0.0002,58782
630,FABIAN,0.0001,39188,URSULA,0.0002,58782
631,REGGIE,0.0001,39188,LIZZIE,0.0002,58782
632,MASON,0.0001,39188,KIRSTEN,0.0002,58782
633,GRAHAM,0.0001,39188,SHANA,0.0002,58782
634,KRIS,0.0001,35923,ADELINE,0.0002,58782
635,ISAIAH,0.0001,35923,MAYRA,0.0002,58782
636,VAUGHN,0.0001,35923,JAYNE,0.0002,58782
637,GUS,0.0001,35923,JACLYN,0.0002,58782
638,AVERY,0.0001,35923,GRACIE,0.0002,58782
639,LOYD,0.0001,35923,SONDRA,0.0002,58782
640,DIEGO,0.0001,35923,CARMELA,0.0002,58782
641,ALEXIS,0.0001,35923,MARISA,0.0002,58782
642,ADOLPH,0.0001,35923,ROSALIND,0.0002,58782
643,NORRIS,0.0001,35923,CHARITY,0.0002,58782
644,MILLARD,0.0001,35923,TONIA,0.0002,58782
645,ROCCO,0.0001,35923,BEATRIZ,0.0002,58782
646,GONZALO,0.0001,35923,MARISOL,0.0002,58782
647,DERICK,0.0001,35923,CLARICE,0.0002,58782
648,RODRIGO,0.0001,35923,JEANINE,0.0002,55517
649,GERRY,0.0001,35923,SHEENA,0.0002,55517
650,STACEY,0.0001,35923,ANGELINE,0.0002,55517
651,CARMEN,0.0001,35923,FRIEDA,0.0002,55517
652,WILEY,0.0001,35923,LILY,0.0002,55517
653,RIGOBERTO,0.0001,35923,ROBBIE,0.0002,55517
654,ALPHONSO,0.0001,35923,SHAUNA,0.0002,55517
655,TY,0.0001,35923,MILLIE,0.0002,55517
656,SHELBY,0.0001,35923,CLAUDETTE,0.0002,55517
657,RICKIE,0.0001,35923,CATHLEEN,0.0002,55517
658,NOE,0.0001,35923,ANGELIA,0.0002,55517
659,VERN,0.0001,32657,GABRIELLE,0.0002,55517
660,BOBBIE,0.0001,32657,AUTUMN,0.0002,55517
661,REED,0.0001,32657,KATHARINE,0.0002,55517
662,JEFFERSON,0.0001,32657,SUMMER,0.0002,55517
663,ELVIS,0.0001,32657,JODIE,0.0002,55517
664,BERNARDO,0.0001,32657,STACI,0.0002,55517
665,MAURICIO,0.0001,32657,LEA,0.0002,55517
666,HIRAM,0.0001,32657,CHRISTI,0.0002,55517
667,DONOVAN,0.0001,32657,JIMMIE,0.0002,55517
668,BASIL,0.0001,32657,JUSTINE,0.0002,55517
669,RILEY,0.0001,32657,ELMA,0.0002,55517
670,OLLIE,0.0001,32657,LUELLA,0.0002,55517
671,NICKOLAS,0.0001,32657,MARGRET,0.0002,55517
672,MAYNARD,0.0001,32657,DOMINIQUE,0.0002,52251
673,SCOT,0.0001,32657,SOCORRO,0.0002,52251
674,VINCE,0.0001,32657,RENE,0.0002,52251
675,QUINCY,0.0001,32657,MARTINA,0.0002,52251
676,EDDY,0.0001,32657,MARGO,0.0002,52251
677,SEBASTIAN,0.0001,32657,MAVIS,0.0002,52251
678,FEDERICO,0.0001,32657,CALLIE,0.0002,52251
679,ULYSSES,0.0001,32657,BOBBI,0.0002,52251
680,HERIBERTO,0.0001,32657,MARITZA,0.0002,52251
681,DONNELL,0.0001,32657,LUCILE,0.0002,52251
682,COLE,0.0001,32657,LEANNE,0.0002,52251
683,DENNY,0.0001,32657,JEANNINE,0.0002,52251
684,DAVIS,0.0001,32657,DEANA,0.0002,52251
685,GAVIN,0.0001,32657,AILEEN,0.0002,52251
686,EMERY,0.0001,32657,LORIE,0.0002,52251
687,WARD,0.0001,32657,LADONNA,0.0002,52251
688,ROMEO,0.0001,32657,WILLA,0.0002,52251
689,JAYSON,0.0001,32657,MANUELA,0.0002,52251
690,DION,0.0001,32657,GALE,0.0002,52251
691,DANTE,0.0001,32657,SELMA,0.0002,52251
692,CLEMENT,0.0001,32657,DOLLY,0.0002,52251
693,COY,0.0001,32657,SYBIL,0.0002,52251
694,ODELL,0.0001,32657,ABBY,0.0002,52251
695,MAXWELL,0.0001,32657,LARA,0.0002,52251
696,JARVIS,0.0001,32657,DALE,0.0002,52251
697,BRUNO,0.0001,32657,IVY,0.0002,52251
698,ISSAC,0.0001,32657,DEE,0.0002,52251
699,MARY,0.0001,29391,WINNIE,0.0002,52251
700,DUDLEY,0.0001,29391,MARCY,0.0002,52251
701,BROCK,0.0001,29391,LUISA,0.0002,52251
702,SANFORD,0.0001,29391,JERI,0.0002,48985
703,COLBY,0.0001,29391,MAGDALENA,0.0002,48985
704,CARMELO,0.0001,29391,OFELIA,0.0002,48985
705,BARNEY,0.0001,29391,MEAGAN,0.0002,48985
706,NESTOR,0.0001,29391,AUDRA,0.0002,48985
707,HOLLIS,0.0001,29391,MATILDA,0.0002,48985
708,STEFAN,0.0001,29391,LEILA,0.0002,48985
709,DONNY,0.0001,29391,CORNELIA,0.0002,48985
710,ART,0.0001,29391,BIANCA,0.0002,48985
711,LINWOOD,0.0001,29391,SIMONE,0.0002,48985
712,BEAU,0.0001,29391,BETTYE,0.0002,48985
713,WELDON,0.0001,29391,RANDI,0.0002,48985
714,GALEN,0.0001,29391,VIRGIE,0.0002,48985
715,ISIDRO,0.0001,29391,LATISHA,0.0002,48985
716,TRUMAN,0.0001,29391,BARBRA,0.0002,48985
717,DELMAR,0.0001,29391,GEORGINA,0.0002,48985
718,JOHNATHON,0.0001,29391,ELIZA,0.0002,48985
719,SILAS,0.0001,29391,LEANN,0.0002,48985
720,FREDERIC,0.0001,29391,BRIDGETTE,0.0002,48985
721,DICK,0.0001,29391,RHODA,0.0001,45720
722,KIRBY,0.0001,29391,HALEY,0.0001,45720
723,IRWIN,0.0001,29391,ADELA,0.0001,45720
724,CRUZ,0.0001,29391,NOLA,0.0001,45720
725,MERLIN,0.0001,29391,BERNADINE,0.0001,45720
726,MERRILL,0.0001,29391,FLOSSIE,0.0001,45720
727,CHARLEY,0.0001,29391,ILA,0.0001,45720
728,MARCELINO,0.0001,29391,GRETA,0.0001,45720
729,LANE,0.0001,29391,RUTHIE,0.0001,45720
730,HARRIS,0.0001,29391,NELDA,0.0001,45720
731,CLEO,0.0001,29391,MINERVA,0.0001,45720
732,CARLO,0.0001,29391,LILLY,0.0001,45720
733,TRENTON,0.0001,29391,TERRIE,0.0001,45720
734,KURTIS,0.0001,29391,LETHA,0.0001,45720
735,HUNTER,0.0001,29391,HILARY,0.0001,45720
736,AURELIO,0.0001,29391,ESTELA,0.0001,45720
737,WINFRED,0.0001,29391,VALARIE,0.0001,45720
738,VITO,0.0001,29391,BRIANNA,0.0001,45720
739,COLLIN,0.0001,29391,ROSALYN,0.0001,45720
740,DENVER,0.0001,29391,EARLINE,0.0001,45720
741,CARTER,0.0001,29391,CATALINA,0.0001,45720
742,LEONEL,0.0001,26126,AVA,0.0001,45720
743,EMORY,0.0001,26126,MIA,0.0001,45720
744,PASQUALE,0.0001,26126,CLARISSA,0.0001,45720
745,MOHAMMAD,0.0001,26126,LIDIA,0.0001,45720
746,MARIANO,0.0001,26126,CORRINE,0.0001,45720
747,DANIAL,0.0001,26126,ALEXANDRIA,0.0001,45720
748,BLAIR,0.0001,26126,CONCEPCION,0.0001,45720
749,LANDON,0.0001,26126,TIA,0.0001,45720
750,DIRK,0.0001,26126,SHARRON,0.0001,45720
751,BRANDEN,0.0001,26126,RAE,0.0001,45720
752,ADAN,0.0001,26126,DONA,0.0001,45720
753,NUMBERS,0.0001,26126,ERICKA,0.0001,45720
754,CLAIR,0.0001,26126,JAMI,0.0001,45720
755,BUFORD,0.0001,26126,ELNORA,0.0001,45720
756,GERMAN,0.0001,26126,CHANDRA,0.0001,45720
757,BERNIE,0.0001,26126,LENORE,0.0001,45720
758,WILMER,0.0001,26126,NEVA,0.0001,42454
759,JOAN,0.0001,26126,MARYLOU,0.0001,42454
760,EMERSON,0.0001,26126,MELISA,0.0001,42454
761,ZACHERY,0.0001,26126,TABATHA,0.0001,42454
762,FLETCHER,0.0001,26126,SERENA,0.0001,42454
763,JACQUES,0.0001,26126,AVIS,0.0001,42454
764,ERROL,0.0001,26126,ALLIE,0.0001,42454
765,DALTON,0.0001,26126,SOFIA,0.0001,42454
766,MONROE,0.0001,26126,JEANIE,0.0001,42454
767,JOSUE,0.0001,26126,ODESSA,0.0001,42454
768,DOMINIQUE,0.0001,26126,NANNIE,0.0001,42454
769,EDWARDO,0.0001,26126,HARRIETT,0.0001,42454
770,BOOKER,0.0001,26126,LORAINE,0.0001,42454
771,WILFORD,0.0001,26126,PENELOPE,0.0001,42454
772,SONNY,0.0001,26126,MILAGROS,0.0001,42454
773,SHELTON,0.0001,26126,EMILIA,0.0001,42454
774,CARSON,0.0001,26126,BENITA,0.0001,42454
775,THERON,0.0001,26126,ALLYSON,0.0001,42454
776,RAYMUNDO,0.0001,26126,ASHLEE,0.0001,42454
777,DAREN,0.0001,26126,TANIA,0.0001,42454
778,TRISTAN,0.0001,26126,TOMMIE,0.0001,42454
779,HOUSTON,0.0001,26126,ESMERALDA,0.0001,42454
780,ROBBY,0.0001,26126,KARINA,0.0001,42454
781,LINCOLN,0.0001,26126,EVE,0.0001,42454
782,JAME,0.0001,26126,PEARLIE,0.0001,42454
783,GENARO,0.0001,26126,ZELMA,0.0001,42454
784,GALE,0.0001,26126,MALINDA,0.0001,42454
785,BENNETT,0.0001,26126,NOREEN,0.0001,42454
786,OCTAVIO,0.0001,26126,TAMEKA,0.0001,42454
787,CORNELL,0.0001,26126,SAUNDRA,0.0001,42454
788,LAVERNE,0.0001,26126,HILLARY,0.0001,42454
789,HUNG,0.0001,26126,AMIE,0.0001,42454
790,ARRON,0.0001,26126,ALTHEA,0.0001,39188
791,ANTONY,0.0001,26126,ROSALINDA,0.0001,39188
792,HERSCHEL,0.0001,22860,JORDAN,0.0001,39188
793,ALVA,0.0001,22860,LILIA,0.0001,39188
794,GIOVANNI,0.0001,22860,ALANA,0.0001,39188
795,GARTH,0.0001,22860,GAY,0.0001,39188
796,CYRUS,0.0001,22860,CLARE,0.0001,39188
797,CYRIL,0.0001,22860,ALEJANDRA,0.0001,39188
798,RONNY,0.0001,22860,ELINOR,0.0001,39188
799,STEVIE,0.0001,22860,MICHAEL,0.0001,39188
800,LON,0.0001,22860,LORRIE,0.0001,39188
801,FREEMAN,0.0001,22860,JERRI,0.0001,39188
802,ERIN,0.0001,22860,DARCY,0.0001,39188
803,DUNCAN,0.0001,22860,EARNESTINE,0.0001,39188
804,KENNITH,0.0001,22860,CARMELLA,0.0001,39188
805,CARMINE,0.0001,22860,TAYLOR,0.0001,39188
806,AUGUSTINE,0.0001,22860,NOEMI,0.0001,39188
807,YOUNG,0.0001,22860,MARCIE,0.0001,39188
808,ERICH,0.0001,22860,LIZA,0.0001,39188
809,CHADWICK,0.0001,22860,ANNABELLE,0.0001,39188
810,WILBURN,0.0001,22860,LOUISA,0.0001,39188
811,RUSS,0.0001,22860,EARLENE,0.0001,39188
812,REID,0.0001,22860,MALLORY,0.0001,39188
813,MYLES,0.0001,22860,CARLENE,0.0001,39188
814,ANDERSON,0.0001,22860,NITA,0.0001,39188
815,MORTON,0.0001,22860,SELENA,0.0001,39188
816,JONAS,0.0001,22860,TANISHA,0.0001,39188
817,FOREST,0.0001,22860,KATY,0.0001,39188
818,MITCHEL,0.0001,22860,JULIANNE,0.0001,39188
819,MERVIN,0.0001,22860,JOHN,0.0001,39188
820,ZANE,0.0001,22860,LAKISHA,0.0001,35923
821,RICH,0.0001,22860,EDWINA,0.0001,35923
822,JAMEL,0.0001,22860,MARICELA,0.0001,35923
823,LAZARO,0.0001,22860,MARGERY,0.0001,35923
824,ALPHONSE,0.0001,22860,KENYA,0.0001,35923
825,RANDELL,0.0001,22860,DOLLIE,0.0001,35923
826,MAJOR,0.0001,22860,ROXIE,0.0001,35923
827,JOHNIE,0.0001,22860,ROSLYN,0.0001,35923
828,JARRETT,0.0001,22860,KATHRINE,0.0001,35923
829,BROOKS,0.0001,22860,NANETTE,0.0001,35923
830,ARIEL,0.0001,22860,CHARMAINE,0.0001,35923
831,ABDUL,0.0001,22860,LAVONNE,0.0001,35923
832,DUSTY,0.0001,22860,ILENE,0.0001,35923
833,LUCIANO,0.0001,22860,KRIS,0.0001,35923
834,LINDSEY,0.0001,22860,TAMMI,0.0001,35923
835,TRACEY,0.0001,22860,SUZETTE,0.0001,35923
836,SEYMOUR,0.0001,22860,CORINE,0.0001,35923
837,SCOTTIE,0.0001,22860,KAYE,0.0001,35923
838,EUGENIO,0.0001,22860,JERRY,0.0001,35923
839,MOHAMMED,0.0001,22860,MERLE,0.0001,35923
840,SANDY,0.0001,22860,CHRYSTAL,0.0001,35923
841,VALENTIN,0.0001,22860,LINA,0.0001,35923
842,CHANCE,0.0001,22860,DEANNE,0.0001,35923
843,ARNULFO,0.0001,22860,LILIAN,0.0001,35923
844,LUCIEN,0.0001,22860,JULIANA,0.0001,35923
845,FERDINAND,0.0001,22860,ALINE,0.0001,35923
846,THAD,0.0001,22860,LUANN,0.0001,35923
847,EZRA,0.0001,22860,KASEY,0.0001,35923
848,SYDNEY,0.0001,22860,MARYANNE,0.0001,35923
849,ALDO,0.0001,22860,EVANGELINE,0.0001,35923
850,RUBIN,0.0001,19594,COLETTE,0.0001,35923
851,ROYAL,0.0001,19594,MELVA,0.0001,35923
852,MITCH,0.0001,19594,LAWANDA,0.0001,35923
853,EARLE,0.0001,19594,YESENIA,0.0001,35923
854,ABE,0.0001,19594,NADIA,0.0001,35923
855,WYATT,0.0001,19594,MADGE,0.0001,35923
856,MARQUIS,0.0001,19594,KATHIE,0.0001,35923
857,LANNY,0.0001,19594,EDDIE,0.0001,35923
858,KAREEM,0.0001,19594,OPHELIA,0.0001,35923
859,JAMAR,0.0001,19594,VALERIA,0.0001,35923
860,BORIS,0.0001,19594,NONA,0.0001,35923
861,ISIAH,0.0001,19594,MITZI,0.0001,35923
862,EMILE,0.0001,19594,MARI,0.0001,35923
863,ELMO,0.0001,19594,GEORGETTE,0.0001,35923
864,ARON,0.0001,19594,CLAUDINE,0.0001,35923
865,LEOPOLDO,0.0001,19594,FRAN,0.0001,35923
866,EVERETTE,0.0001,19594,ALISSA,0.0001,35923
867,JOSEF,0.0001,19594,ROSEANN,0.0001,32657
868,GAIL,0.0001,19594,LAKEISHA,0.0001,32657
869,ELOY,0.0001,19594,SUSANNA,0.0001,32657
870,DORIAN,0.0001,19594,REVA,0.0001,32657
871,RODRICK,0.0001,19594,DEIDRE,0.0001,32657
872,REINALDO,0.0001,19594,CHASITY,0.0001,32657
873,LUCIO,0.0001,19594,SHEREE,0.0001,32657
874,JERROD,0.0001,19594,CARLY,0.0001,32657
875,WESTON,0.0001,19594,JAMES,0.0001,32657
876,HERSHEL,0.0001,19594,ELVIA,0.0001,32657
877,BARTON,0.0001,19594,ALYCE,0.0001,32657
878,PARKER,0.0001,19594,DEIRDRE,0.0001,32657
879,LEMUEL,0.0001,19594,GENA,0.0001,32657
880,LAVERN,0.0001,19594,BRIANA,0.0001,32657
881,BURT,0.0001,19594,ARACELI,0.0001,32657
882,JULES,0.0001,19594,KATELYN,0.0001,32657
883,GIL,0.0001,19594,ROSANNE,0.0001,32657
884,ELISEO,0.0001,19594,WENDI,0.0001,32657
885,AHMAD,0.0001,19594,TESSA,0.0001,32657
886,NIGEL,0.0001,19594,BERTA,0.0001,32657
887,EFREN,0.0001,19594,MARVA,0.0001,32657
888,ANTWAN,0.0001,19594,IMELDA,0.0001,32657
889,ALDEN,0.0001,19594,MARIETTA,0.0001,32657
890,MARGARITO,0.0001,19594,MARCI,0.0001,32657
891,COLEMAN,0.0001,19594,LEONOR,0.0001,32657
892,REFUGIO,0.0001,19594,ARLINE,0.0001,32657
893,DINO,0.0001,19594,SASHA,0.0001,32657
894,OSVALDO,0.0001,19594,MADELYN,0.0001,32657
895,LES,0.0001,19594,JANNA,0.0001,32657
896,DEANDRE,0.0001,19594,JULIETTE,0.0001,32657
897,NORMAND,0.0001,19594,DEENA,0.0001,32657
898,KIETH,0.0001,19594,AURELIA,0.0001,32657
899,IVORY,0.0001,19594,JOSEFA,0.0001,32657
900,ANDREA,0.0001,19594,AUGUSTA,0.0001,32657
901,TREY,0.0001,19594,LILIANA,0.0001,32657
902,NORBERTO,0.0001,19594,YOUNG,0.0001,32657
903,NAPOLEON,0.0001,19594,CHRISTIAN,0.0001,32657
904,JEROLD,0.0001,19594,LESSIE,0.0001,32657
905,FRITZ,0.0001,19594,AMALIA,0.0001,32657
906,ROSENDO,0.0001,19594,SAVANNAH,0.0001,32657
907,MILFORD,0.0001,19594,ANASTASIA,0.0001,32657
908,SANG,0.0001,19594,VILMA,0.0001,32657
909,DEON,0.0001,19594,NATALIA,0.0001,32657
910,CHRISTOPER,0.0001,19594,ROSELLA,0.0001,32657
911,ALFONZO,0.0001,19594,LYNNETTE,0.0001,32657
912,LYMAN,0.0001,19594,CORINA,0.0001,32657
913,JOSIAH,0.0001,19594,ALFREDA,0.0001,29391
914,BRANT,0.0001,19594,LEANNA,0.0001,29391
915,WILTON,0.0001,19594,CAREY,0.0001,29391
916,RICO,0.0001,19594,AMPARO,0.0001,29391
917,JAMAAL,0.0001,19594,COLEEN,0.0001,29391
918,DEWITT,0.0001,19594,TAMRA,0.0001,29391
919,CAROL,0.0001,19594,AISHA,0.0001,29391
920,BRENTON,0.0001,19594,WILDA,0.0001,29391
921,YONG,0.0001,19594,KARYN,0.0001,29391
922,OLIN,0.0001,19594,CHERRY,0.0001,29391
923,FOSTER,0.0001,19594,QUEEN,0.0001,29391
924,FAUSTINO,0.0001,19594,MAURA,0.0001,29391
925,CLAUDIO,0.0001,19594,MAI,0.0001,29391
926,JUDSON,0.0001,19594,EVANGELINA,0.0001,29391
927,GINO,0.0001,19594,ROSANNA,0.0001,29391
928,EDGARDO,0.0001,19594,HALLIE,0.0001,29391
929,BERRY,0.0001,19594,ERNA,0.0001,29391
930,ALEC,0.0001,19594,ENID,0.0001,29391
931,TANNER,0.0001,19594,MARIANA,0.0001,29391
932,JARRED,0.0001,19594,LACY,0.0001,29391
933,DONN,0.0001,19594,JULIET,0.0001,29391
934,TRINIDAD,0.0001,16328,JACKLYN,0.0001,29391
935,TAD,0.0001,16328,FREIDA,0.0001,29391
936,SHIRLEY,0.0001,16328,MADELEINE,0.0001,29391
937,PRINCE,0.0001,16328,MARA,0.0001,29391
938,PORFIRIO,0.0001,16328,HESTER,0.0001,29391
939,ODIS,0.0001,16328,CATHRYN,0.0001,29391
940,MARIA,0.0001,16328,LELIA,0.0001,29391
941,LENARD,0.0001,16328,CASANDRA,0.0001,29391
942,CHAUNCEY,0.0001,16328,BRIDGETT,0.0001,29391
943,CHANG,0.0001,16328,ANGELITA,0.0001,29391
944,TOD,0.0001,16328,JANNIE,0.0001,29391
945,MEL,0.0001,16328,DIONNE,0.0001,29391
946,MARCELO,0.0001,16328,ANNMARIE,0.0001,29391
947,KORY,0.0001,16328,KATINA,0.0001,29391
948,AUGUSTUS,0.0001,16328,BERYL,0.0001,29391
949,KEVEN,0.0001,16328,PHOEBE,0.0001,29391
950,HILARIO,0.0001,16328,MILLICENT,0.0001,29391
951,BUD,0.0001,16328,KATHERYN,0.0001,29391
952,SAL,0.0001,16328,DIANN,0.0001,29391
953,ROSARIO,0.0001,16328,CARISSA,0.0001,29391
954,ORVAL,0.0001,16328,MARYELLEN,0.0001,29391
955,MAURO,0.0001,16328,LIZ,0.0001,29391
956,DANNIE,0.0001,16328,LAURI,0.0001,29391
957,ZACHARIAH,0.0001,16328,HELGA,0.0001,29391
958,OLEN,0.0001,16328,GILDA,0.0001,29391
959,ANIBAL,0.0001,16328,ADRIAN,0.0001,29391
960,MILO,0.0001,16328,RHEA,0.0001,29391
961,JED,0.0001,16328,MARQUITA,0.0001,29391
962,FRANCES,0.0001,16328,HOLLIE,0.0001,29391
963,THANH,0.0001,16328,TISHA,0.0001,29391
964,DILLON,0.0001,16328,TAMERA,0.0001,29391
965,AMADO,0.0001,16328,ANGELIQUE,0.0001,29391
966,NEWTON,0.0001,16328,FRANCESCA,0.0001,29391
967,CONNIE,0.0001,16328,BRITNEY,0.0001,29391
968,LENNY,0.0001,16328,KAITLIN,0.0001,29391
969,TORY,0.0001,16328,LOLITA,0.0001,29391
970,RICHIE,0.0001,16328,FLORINE,0.0001,29391
971,LUPE,0.0001,16328,ROWENA,0.0001,29391
972,HORACIO,0.0001,16328,REYNA,0.0001,29391
973,BRICE,0.0001,16328,TWILA,0.0001,29391
974,MOHAMED,0.0001,16328,FANNY,0.0001,29391
975,DELMER,0.0001,16328,JANELL,0.0001,29391
976,DARIO,0.0001,16328,INES,0.0001,29391
977,REYES,0.0001,16328,CONCETTA,0.0001,29391
978,DEE,0.0001,16328,BERTIE,0.0001,29391
979,MAC,0.0001,16328,ALBA,0.0001,29391
980,JONAH,0.0001,16328,BRIGITTE,0.0001,29391
981,JERROLD,0.0001,16328,ALYSON,0.0001,29391
982,ROBT,0.0001,16328,VONDA,0.0001,26126
983,HANK,0.0001,16328,PANSY,0.0001,26126
984,SUNG,0.0001,16328,ELBA,0.0001,26126
985,RUPERT,0.0001,16328,NOELLE,0.0001,26126
986,ROLLAND,0.0001,16328,LETITIA,0.0001,26126
987,KENTON,0.0001,16328,KITTY,0.0001,26126
988,DAMION,0.0001,16328,DEANN,0.0001,26126
989,CHI,0.0001,16328,BRANDIE,0.0001,26126
990,ANTONE,0.0001,16328,LOUELLA,0.0001,26126
991,WALDO,0.0001,16328,LETA,0.0001,26126
992,FREDRIC,0.0001,16328,FELECIA,0.0001,26126
993,BRADLY,0.0001,16328,SHARLENE,0.0001,26126
994,QUINN,0.0001,16328,LESA,0.0001,26126
995,KIP,0.0001,16328,BEVERLEY,0.0001,26126
996,BURL,0.0001,16328,ROBERT,0.0001,26126
997,WALKER,0.0001,16328,ISABELLA,0.0001,26126
998,TYREE,0.0001,16328,HERMINIA,0.0001,26126
999,JEFFEREY,0.0001,16328,TERRA,0.0001,26126
1000,AHMED,0.0001,16328,CELINA,0.0001,26126