1,SMITH,2442977,0.709,0.2311,0.005,0.0089,0.0219,0.024
2,JOHNSON,1932812,0.5897,0.3463,0.0054,0.0094,0.0256,0.0236
3,WILLIAMS,1625252,0.4575,0.4768,0.0046,0.0082,0.0281,0.0249
4,BROWN,1437026,0.5795,0.356,0.0051,0.0087,0.0255,0.0252
5,JONES,1425470,0.5519,0.3848,0.0044,0.01,0.0261,0.0229
6,GARCIA,1166120,0.0538,0.0045,0.0141,0.0047,0.0026,0.9203
7,MILLER,1161437,0.8411,0.1076,0.0054,0.0066,0.0177,0.0217
8,DAVIS,1116357,0.622,0.316,0.0049,0.0082,0.0245,0.0244
9,RODRIGUEZ,1094924,0.0475,0.0054,0.0057,0.0018,0.0018,0.9377
10,MARTINEZ,1060159,0.0528,0.0049,0.006,0.0051,0.0022,0.9291
11,HERNANDEZ,1043281,0.0379,0.0036,0.006,0.0019,0.0016,0.9489
12,LOPEZ,874523,0.0486,0.0057,0.0102,0.0038,0.0025,0.9292
13,GONZALEZ,841025,0.0403,0.0035,0.0038,0.0014,0.0013,0.9497
14,WILSON,801882,0.6736,0.2599,0.006,0.0106,0.0238,0.0261
15,ANDERSON,784404,0.7517,0.1893,0.0061,0.0074,0.0211,0.0244
16,THOMAS,756142,0.5263,0.3875,0.0244,0.0107,0.0258,0.0254
17,TAYLOR,751209,0.6538,0.2842,0.0056,0.0076,0.0241,0.0246
18,MOORE,724374,0.6641,0.2774,0.0048,0.0068,0.0234,0.0234
19,JACKSON,708099,0.3989,0.5304,0.0039,0.0106,0.0312,0.025
20,MARTIN,702625,0.748,0.1576,0.009,0.0098,0.0202,0.0556
21,LEE,693023,0.3595,0.1633,0.4222,0.0097,0.0264,0.0189
22,PEREZ,681645,0.0496,0.0045,0.0117,0.002,0.0026,0.9295
23,THOMPSON,664644,0.6978,0.2357,0.0057,0.0122,0.0237,0.0249
24,WHITE,660491,0.6551,0.2817,0.0049,0.0107,0.0238,0.0238
25,HARRIS,624252,0.514,0.4239,0.0047,0.0067,0.028,0.0226
26,SANCHEZ,612752,0.0498,0.0045,0.0096,0.0037,0.0024,0.9299
27,CLARK,562679,0.7465,0.1902,0.0054,0.0101,0.0219,0.0258
28,RAMIREZ,557423,0.0389,0.0031,0.0093,0.002,0.0019,0.9448
29,LEWIS,531781,0.5823,0.3484,0.0056,0.012,0.0258,0.0258
30,ROBINSON,529821,0.487,0.4493,0.0046,0.0053,0.0277,0.0261
31,WALKER,523129,0.5866,0.3505,0.0045,0.0087,0.0255,0.0241
32,YOUNG,484447,0.6626,0.2467,0.0303,0.0079,0.0266,0.0258
33,ALLEN,482607,0.6759,0.2617,0.0054,0.0086,0.0238,0.0247
34,KING,465422,0.7016,0.2276,0.0123,0.0098,0.0231,0.0255
35,WRIGHT,458980,0.658,0.2823,0.0051,0.0069,0.0241,0.0236
36,SCOTT,439530,0.6021,0.3292,0.0051,0.0118,0.0259,0.0258
37,TORRES,437813,0.0535,0.0057,0.0143,0.002,0.0028,0.9216
38,NGUYEN,437645,0.0095,0.0012,0.9645,0.0003,0.0183,0.0063
39,HILL,434827,0.6436,0.2912,0.0053,0.0097,0.0251,0.0251
40,FLORES,433969,0.0487,0.0042,0.0208,0.0034,0.0036,0.9194
41,GREEN,430182,0.5684,0.3697,0.0044,0.0064,0.0247,0.0264
42,ADAMS,427865,0.7402,0.199,0.0056,0.0079,0.0216,0.0257
43,NELSON,424958,0.7766,0.1597,0.0067,0.0116,0.02,0.0255
44,BAKER,419586,0.7983,0.1444,0.0056,0.0087,0.0202,0.0228
45,HALL,407076,0.7265,0.2159,0.0064,0.0065,0.0222,0.0225
46,RIVERA,391114,0.054,0.0095,0.0204,0.0018,0.0037,0.9106
47,CAMPBELL,386157,0.7366,0.2047,0.0053,0.0071,0.0213,0.0249
48,MITCHELL,384486,0.6102,0.325,0.0048,0.0104,0.025,0.0247
49,CARTER,376966,0.582,0.3559,0.0045,0.0078,0.0265,0.0234
50,ROBERTS,376774,0.7727,0.1672,0.0061,0.0085,0.0215,0.024
51,GOMEZ,365655,0.0512,0.0075,0.0101,0.0026,0.0026,0.926
52,PHILLIPS,360802,0.7669,0.1709,0.0058,0.0103,0.0217,0.0244
53,EVANS,355593,0.6839,0.2572,0.0047,0.0074,0.023,0.0239
54,TURNER,348627,0.6425,0.3013,0.0042,0.006,0.0238,0.0223
55,DIAZ,347636,0.0519,0.0065,0.0119,0.0016,0.0025,0.9256
56,PARKER,336221,0.6917,0.2479,0.0054,0.0088,0.0235,0.0226
57,CRUZ,334201,0.0517,0.008,0.0519,0.0027,0.007,0.8788
58,EDWARDS,332423,0.6213,0.3163,0.005,0.0077,0.0247,0.025
59,COLLINS,329770,0.7161,0.2243,0.0049,0.0077,0.0223,0.0247
60,REYES,327904,0.0441,0.0059,0.0558,0.0024,0.0059,0.8858
61,STEWART,324957,0.6917,0.2486,0.0048,0.0077,0.0224,0.0249
62,MORRIS,318884,0.7359,0.2008,0.0057,0.0098,0.0224,0.0255
63,MORALES,311777,0.0463,0.0057,0.0118,0.0017,0.0021,0.9323
64,MURPHY,308417,0.8311,0.1153,0.0058,0.0068,0.0176,0.0234
65,COOK,302589,0.818,0.1255,0.0057,0.0092,0.0198,0.0217
66,ROGERS,302261,0.754,0.1853,0.0054,0.0082,0.021,0.0262
67,GUTIERREZ,293218,0.0457,0.0024,0.014,0.0025,0.002,0.9333
68,ORTIZ,286899,0.0496,0.0064,0.0067,0.0037,0.0025,0.9311
69,MORGAN,286280,0.7607,0.1727,0.0054,0.0124,0.021,0.0278
70,COOPER,280791,0.6793,0.2613,0.005,0.0074,0.0231,0.024
71,PETERSON,278297,0.8439,0.1009,0.0066,0.0074,0.0172,0.024
72,BAILEY,277845,0.7245,0.22,0.005,0.0062,0.0216,0.0228
73,REED,277030,0.7129,0.2263,0.0051,0.0105,0.023,0.0222
74,KELLY,267394,0.7809,0.1622,0.0064,0.0054,0.0181,0.0269
75,HOWARD,264826,0.6431,0.2949,0.005,0.0087,0.0246,0.0237
76,RAMOS,263464,0.0649,0.0098,0.0489,0.0019,0.0065,0.8679
77,KIM,262352,0.0252,0.0039,0.9447,0.0002,0.0196,0.0065
78,COX,261231,0.8262,0.1207,0.005,0.0067,0.0182,0.0233
79,WARD,260464,0.7558,0.185,0.0049,0.0091,0.0208,0.0244
80,RICHARDSON,259798,0.597,0.3363,0.0048,0.011,0.0244,0.0265
81,WATSON,252579,0.6603,0.279,0.0053,0.0082,0.023,0.0241
82,BROOKS,251663,0.6022,0.3347,0.0048,0.0079,0.0256,0.0248
83,CHAVEZ,250898,0.0502,0.0021,0.0065,0.0094,0.0023,0.9296
84,WOOD,250715,0.8872,0.0557,0.0066,0.0084,0.0179,0.0242
85,JAMES,249379,0.5158,0.3886,0.0127,0.0258,0.0264,0.0308
86,BENNETT,247599,0.7656,0.1753,0.0053,0.0088,0.0199,0.025
87,GRAY,246116,0.6868,0.2513,0.0054,0.0091,0.0233,0.0241
88,MENDOZA,242771,0.0411,0.0035,0.0491,0.0024,0.0042,0.8997
89,RUIZ,238234,0.0517,0.0044,0.0103,0.0022,0.0024,0.9289
90,HUGHES,236271,0.7839,0.1613,0.005,0.0053,0.0197,0.0247
91,PRICE,235251,0.7393,0.2051,0.0051,0.0066,0.0214,0.0224
92,ALVAREZ,233983,0.0518,0.006,0.0116,0.0038,0.0023,0.9245
93,CASTILLO,230420,0.0492,0.0072,0.0304,0.0059,0.0046,0.9026
94,SANDERS,230374,0.6078,0.3297,0.0041,0.0084,0.0243,0.0257
95,PATEL,229973,0.021,0.0038,0.9478,0.0065,0.0165,0.0044
96,MYERS,229895,0.845,0.1054,0.005,0.0055,0.018,0.021
97,LONG,229374,0.7988,0.121,0.0248,0.0132,0.0197,0.0224
98,ROSS,229368,0.6896,0.2446,0.0061,0.009,0.0232,0.0275
99,FOSTER,227764,0.6965,0.2394,0.0055,0.0088,0.0233,0.0265
100,JIMENEZ,227118,0.0384,0.0029,0.0149,0.002,0.0021,0.9397
101,POWELL,224874,0.672,0.2712,0.0046,0.0062,0.0229,0.0231
102,JENKINS,222653,0.5776,0.3678,0.0039,0.0057,0.0242,0.0207
103,PERRY,221741,0.6832,0.252,0.0057,0.0081,0.0243,0.0267
104,RUSSELL,221558,0.7705,0.1669,0.0057,0.0105,0.0218,0.0246
105,SULLIVAN,220990,0.8773,0.0713,0.006,0.0057,0.0159,0.0239
106,BELL,220599,0.6111,0.3235,0.0055,0.0101,0.0251,0.0246
107,COLEMAN,219070,0.4943,0.446,0.004,0.0053,0.0279,0.0225
108,BUTLER,218847,0.6236,0.3154,0.0045,0.0084,0.0245,0.0235
109,HENDERSON,218393,0.5963,0.3398,0.0045,0.0086,0.0256,0.0251
110,BARNES,218241,0.6481,0.2928,0.0048,0.0075,0.0235,0.0233
111,GONZALES,214758,0.0983,0.0099,0.038,0.0076,0.0056,0.8406
112,FISHER,214703,0.8258,0.1179,0.0055,0.0076,0.0189,0.0243
113,VASQUEZ,212781,0.0506,0.0051,0.0073,0.0029,0.0024,0.9317
114,SIMMONS,210182,0.5791,0.3615,0.0047,0.0067,0.0252,0.0229
115,ROMERO,208614,0.0865,0.005,0.013,0.0069,0.0037,0.885
116,JORDAN,208403,0.6144,0.3073,0.0055,0.0072,0.0245,0.0411
117,PATTERSON,205423,0.6727,0.268,0.0047,0.0068,0.0235,0.0243
118,ALEXANDER,204621,0.5819,0.3404,0.0124,0.007,0.0266,0.0317
119,HAMILTON,201746,0.7021,0.2371,0.0054,0.008,0.0229,0.0245
120,GRAHAM,201159,0.7002,0.2399,0.0051,0.008,0.0213,0.0255
121,REYNOLDS,200247,0.8108,0.1321,0.0052,0.0071,0.0202,0.0245
122,GRIFFIN,198406,0.6377,0.3081,0.0044,0.0047,0.0228,0.0221
123,WALLACE,197276,0.6924,0.247,0.0051,0.0077,0.0231,0.0247
124,MORENO,196925,0.0609,0.0043,0.0067,0.0037,0.0022,0.9223
125,WEST,195818,0.7548,0.1848,0.0049,0.0083,0.0227,0.0245
126,COLE,195289,0.7533,0.1889,0.0055,0.0072,0.021,0.0241
127,HAYES,194246,0.6938,0.2469,0.0049,0.0081,0.0234,0.0229
128,BRYANT,192773,0.5846,0.3558,0.0039,0.0089,0.0247,0.0221
129,HERRERA,192711,0.0492,0.0036,0.0096,0.0051,0.0022,0.9303
130,GIBSON,190667,0.7214,0.2178,0.0046,0.0097,0.0234,0.0231
131,ELLIS,188968,0.7036,0.2347,0.0054,0.0066,0.0224,0.0273
132,TRAN,188498,0.0135,0.001,0.96,0.0003,0.017,0.0081
133,MEDINA,188497,0.0569,0.006,0.0192,0.003,0.0033,0.9116
134,AGUILAR,186512,0.0403,0.0026,0.0164,0.0052,0.0023,0.9332
135,STEVENS,185674,0.8144,0.1182,0.0064,0.0133,0.0204,0.0274
136,MURRAY,184910,0.7492,0.1929,0.0057,0.006,0.0202,0.026
137,FORD,184832,0.6205,0.32,0.0045,0.0061,0.0252,0.0237
138,CASTRO,184134,0.0729,0.0066,0.0374,0.0024,0.0064,0.8742
139,MARSHALL,183922,0.6603,0.2751,0.0058,0.0096,0.0234,0.0258
140,OWENS,182719,0.6585,0.2841,0.0036,0.0075,0.0247,0.0217
141,HARRISON,181091,0.6866,0.2445,0.0052,0.0139,0.0227,0.027
142,FERNANDEZ,180842,0.0877,0.0115,0.0538,0.0018,0.0093,0.8358
143,MCDONALD,180497,0.7665,0.1728,0.0055,0.0078,0.0201,0.0273
144,WOODS,177425,0.583,0.353,0.0042,0.0088,0.0274,0.0235
145,WASHINGTON,177386,0.0517,0.8753,0.003,0.0068,0.0378,0.0254
146,KENNEDY,176865,0.8082,0.1363,0.0062,0.0061,0.0187,0.0245
147,WELLS,176230,0.74,0.2,0.0049,0.0087,0.0222,0.0241
148,VARGAS,173835,0.0541,0.0042,0.0085,0.0018,0.0022,0.9292
149,HENRY,170964,0.6143,0.3068,0.0084,0.0187,0.0234,0.0284
150,CHEN,169580,0.014,0.003,0.9612,0.0002,0.0164,0.0052
151,FREEMAN,169149,0.655,0.2834,0.0052,0.0095,0.0238,0.023
152,WEBB,168878,0.7553,0.1908,0.0046,0.0066,0.0199,0.0229
153,TUCKER,167446,0.7001,0.2417,0.0045,0.0078,0.0225,0.0235
154,GUZMAN,167044,0.0411,0.0042,0.0129,0.0015,0.0027,0.9377
155,BURNS,165925,0.8026,0.1406,0.0059,0.0078,0.0183,0.0248
156,CRAWFORD,164457,0.6856,0.2565,0.0049,0.0075,0.023,0.0224
157,OLSON,164035,0.9476,0.004,0.0066,0.0072,0.0143,0.0203
158,SIMPSON,163181,0.7078,0.2309,0.0053,0.0078,0.023,0.0253
159,PORTER,163054,0.6857,0.254,0.0055,0.0072,0.0231,0.0245
160,HUNTER,162440,0.6078,0.3269,0.0048,0.0102,0.0263,0.0241
161,GORDON,161833,0.6425,0.2915,0.0062,0.0068,0.0226,0.0304
162,MENDEZ,161717,0.0448,0.0078,0.0048,0.0024,0.0018,0.9383
163,SILVA,161633,0.3261,0.0203,0.0201,0.0039,0.0162,0.6134
164,SHAW,160400,0.7207,0.2119,0.0148,0.0075,0.0215,0.0236
165,SNYDER,160262,0.9407,0.0146,0.0059,0.0052,0.0145,0.0192
166,MASON,160213,0.6882,0.251,0.0053,0.0076,0.0238,0.0241
167,DIXON,159480,0.5425,0.3926,0.0043,0.0096,0.0261,0.0249
168,MUNOZ,158483,0.0489,0.003,0.0091,0.0021,0.0021,0.9348
169,HUNT,158421,0.7357,0.1693,0.0061,0.0423,0.0235,0.0231
170,HICKS,158320,0.6737,0.2688,0.0042,0.0098,0.0223,0.0213
171,HOLMES,156780,0.5679,0.3728,0.0042,0.0076,0.0237,0.0238
172,PALMER,156601,0.7508,0.1857,0.0055,0.0081,0.0211,0.0287
173,WAGNER,155795,0.9247,0.026,0.0058,0.0054,0.014,0.0241
174,BLACK,154738,0.7463,0.19,0.0053,0.0144,0.0208,0.0233
175,ROBERTSON,153666,0.7342,0.2061,0.0052,0.0089,0.0211,0.0246
176,BOYD,153469,0.6318,0.3077,0.0051,0.0102,0.0236,0.0216
177,ROSE,153397,0.8208,0.1161,0.0072,0.0064,0.0199,0.0296
178,STONE,153329,0.8595,0.0813,0.0065,0.0095,0.0193,0.0239
179,SALAZAR,152703,0.0562,0.0027,0.0169,0.0046,0.003,0.9165
180,FOX,152334,0.8808,0.0606,0.0056,0.0103,0.0184,0.0242
181,WARREN,152147,0.7008,0.2394,0.0055,0.0084,0.0226,0.0233
182,MILLS,151942,0.775,0.1677,0.0051,0.0082,0.0206,0.0233
183,MEYER,150895,0.9484,0.0052,0.0071,0.0029,0.0137,0.0228
184,RICE,149500,0.7763,0.1674,0.0057,0.0074,0.0199,0.0233
185,SCHMIDT,147034,0.9515,0.0037,0.0061,0.0034,0.0119,0.0234
186,GARZA,147005,0.0666,0.0024,0.0017,0.0028,0.0015,0.9249
187,DANIELS,146570,0.5467,0.3854,0.0051,0.0091,0.0268,0.027
188,FERGUSON,146426,0.7483,0.1919,0.006,0.0062,0.0223,0.0253
189,NICHOLS,145584,0.8242,0.1188,0.0052,0.0076,0.0199,0.0243
190,STEPHENS,144646,0.739,0.2031,0.0046,0.0067,0.0212,0.0254
191,SOTO,144451,0.0515,0.0048,0.0044,0.0026,0.0022,0.9345
192,WEAVER,143837,0.8441,0.0999,0.0052,0.0109,0.0187,0.0212
193,RYAN,143452,0.9165,0.0302,0.0089,0.0043,0.0146,0.0255
194,GARDNER,142894,0.7501,0.194,0.0056,0.007,0.0204,0.0229
195,PAYNE,142601,0.7155,0.2263,0.0045,0.0058,0.0237,0.0242
196,GRANT,142277,0.5536,0.3791,0.0052,0.0108,0.0235,0.0279
197,DUNN,141427,0.8008,0.1439,0.0075,0.0059,0.0194,0.0225
198,KELLEY,140693,0.8378,0.108,0.0055,0.0066,0.0203,0.0218
199,SPENCER,139951,0.6941,0.2322,0.0076,0.0147,0.0248,0.0267
200,HAWKINS,139751,0.6108,0.3275,0.0048,0.0069,0.025,0.025
201,ARNOLD,138893,0.8127,0.1334,0.0057,0.0055,0.0187,0.0241
202,PIERCE,138629,0.8098,0.1286,0.0053,0.0106,0.021,0.0247
203,VAZQUEZ,138322,0.0353,0.0035,0.0018,0.0006,0.0012,0.9575
204,HANSEN,137977,0.9422,0.0053,0.0074,0.0049,0.0147,0.0254
205,PETERS,137513,0.8286,0.1041,0.0098,0.0133,0.0186,0.0255
206,SANTOS,137232,0.2006,0.0231,0.1332,0.0027,0.0185,0.622
207,HART,137184,0.8054,0.1364,0.0056,0.0073,0.0201,0.0252
208,BRADLEY,136720,0.6912,0.2509,0.0044,0.0082,0.0219,0.0234
209,KNIGHT,136713,0.7231,0.2161,0.0052,0.009,0.0217,0.025
210,ELLIOTT,135765,0.8162,0.1296,0.0054,0.0066,0.02,0.0221
211,CUNNINGHAM,135718,0.7316,0.2118,0.0053,0.0048,0.0207,0.0258
212,DUNCAN,135187,0.7639,0.1733,0.0052,0.0099,0.0221,0.0255
213,ARMSTRONG,135044,0.7239,0.2101,0.0058,0.0093,0.0231,0.0279
214,HUDSON,134963,0.6688,0.2742,0.0046,0.0084,0.022,0.022
215,CARROLL,134317,0.8295,0.1148,0.0061,0.0067,0.0192,0.0236
216,LANE,134227,0.7714,0.1688,0.0061,0.0092,0.0212,0.0233
217,RILEY,133872,0.7279,0.2127,0.0051,0.0087,0.0208,0.0248
218,ANDREWS,133799,0.7178,0.2158,0.0078,0.0109,0.022,0.0257
219,ALVARADO,133501,0.0429,0.0033,0.0053,0.0023,0.002,0.9442
220,RAY,133171,0.7497,0.1754,0.0194,0.0093,0.0205,0.0256
221,DELGADO,132985,0.0557,0.0072,0.008,0.0019,0.0025,0.9247
222,BERRY,132812,0.7066,0.2311,0.0056,0.008,0.0234,0.0253
223,PERKINS,131440,0.6945,0.246,0.0053,0.0073,0.0233,0.0237
224,HOFFMAN,131401,0.9408,0.0126,0.0063,0.0056,0.0134,0.0212
225,JOHNSTON,131373,0.9162,0.0241,0.0068,0.0083,0.0184,0.0262
226,MATTHEWS,131303,0.6337,0.3067,0.0062,0.0058,0.0236,0.0239
227,PENA,130776,0.0534,0.0052,0.0109,0.0031,0.0024,0.925
228,RICHARDS,130529,0.7867,0.1486,0.0066,0.0104,0.0196,0.0281
229,CONTRERAS,130164,0.0419,0.0021,0.0055,0.0025,0.0016,0.9464
230,WILLIS,130152,0.6222,0.3107,0.0051,0.0133,0.0255,0.0231
231,CARPENTER,129898,0.8621,0.0849,0.0057,0.0068,0.0187,0.0218
232,LAWRENCE,129699,0.6887,0.2465,0.0074,0.0093,0.023,0.025
233,SANDOVAL,128948,0.0529,0.0021,0.0055,0.0177,0.0025,0.9193
234,GUERRERO,128677,0.0455,0.0033,0.022,0.0022,0.0043,0.9227
235,GEORGE,128625,0.6647,0.1846,0.0762,0.0224,0.0204,0.0316
236,CHAPMAN,127939,0.7951,0.1462,0.0057,0.0081,0.0203,0.0247
237,RIOS,127794,0.0499,0.0044,0.0043,0.0032,0.0022,0.9361
238,ESTRADA,127470,0.0458,0.0043,0.0166,0.002,0.0028,0.9286
239,ORTEGA,127256,0.0477,0.0029,0.0115,0.0043,0.0025,0.9311
240,WATKINS,127083,0.6203,0.3227,0.0042,0.0064,0.0256,0.0209
241,GREENE,126101,0.677,0.2654,0.0048,0.0073,0.0234,0.0221
242,NUNEZ,125350,0.0528,0.0067,0.0083,0.0026,0.0023,0.9272
243,WHEELER,125058,0.8096,0.1329,0.005,0.0093,0.0197,0.0235
244,VALDEZ,124995,0.0629,0.0048,0.0335,0.0065,0.0056,0.8866
245,HARPER,124461,0.679,0.2622,0.0049,0.0072,0.0236,0.0231
246,BURKE,122877,0.8593,0.0876,0.0068,0.0054,0.0168,0.0241
247,LARSON,122587,0.9479,0.0049,0.0074,0.0062,0.0141,0.0195
248,SANTIAGO,122212,0.0541,0.0131,0.045,0.0014,0.0058,0.8806
249,MALDONADO,121526,0.0497,0.005,0.004,0.0019,0.0023,0.9371
250,MORRISON,121130,0.7911,0.1482,0.0061,0.0098,0.0199,0.0249
251,FRANKLIN,120621,0.5438,0.3876,0.0054,0.0083,0.0278,0.027
252,CARLSON,120552,0.9483,0.0046,0.0077,0.0049,0.0138,0.0207
253,AUSTIN,119706,0.6747,0.2601,0.0061,0.008,0.0234,0.0278
254,DOMINGUEZ,119304,0.0504,0.0038,0.0103,0.0025,0.0021,0.9309
255,CARR,119076,0.7361,0.2082,0.0049,0.0059,0.0208,0.0241
256,LAWSON,119053,0.7384,0.2074,0.0043,0.0065,0.0215,0.022
257,JACOBS,118614,0.7428,0.1671,0.0059,0.0375,0.0216,0.0252
258,OBRIEN,118557,0.9385,0.0129,0.0076,0.0037,0.0142,0.0232
259,LYNCH,117708,0.823,0.1174,0.0059,0.0107,0.0178,0.0252
260,SINGH,116749,0.0429,0.0448,0.8277,0.0115,0.0481,0.025
261,VEGA,116673,0.0553,0.0056,0.0073,0.0022,0.0029,0.9268
262,BISHOP,116618,0.8444,0.1014,0.0061,0.0057,0.0186,0.0237
263,MONTGOMERY,115953,0.6786,0.2623,0.0059,0.0061,0.0237,0.0235
264,OLIVER,115900,0.6419,0.2745,0.0068,0.0074,0.0243,0.0452
265,JENSEN,115679,0.9397,0.0044,0.0073,0.0082,0.014,0.0264
266,HARVEY,115662,0.68,0.25,0.0052,0.0171,0.0225,0.0252
267,WILLIAMSON,114959,0.7717,0.1741,0.005,0.007,0.0194,0.0227
268,GILBERT,114940,0.778,0.1592,0.0057,0.0069,0.0204,0.0298
269,DEAN,114030,0.7661,0.1682,0.0106,0.0068,0.022,0.0263
270,SIMS,113374,0.5429,0.3989,0.0041,0.0055,0.0262,0.0224
271,ESPINOZA,112154,0.0403,0.0023,0.0038,0.0027,0.0017,0.9491
272,HOWELL,112041,0.7948,0.1508,0.0046,0.0072,0.018,0.0246
273,LI,111786,0.0149,0.0019,0.9678,0.0002,0.0089,0.0063
274,WONG,111371,0.0348,0.0079,0.8649,0.0004,0.052,0.04
275,REID,111360,0.5983,0.341,0.0061,0.0056,0.0228,0.0262
276,HANSON,111144,0.9211,0.0285,0.007,0.0067,0.0155,0.0211
277,LE,110967,0.0149,0.0023,0.9559,0.0003,0.0192,0.0075
278,MCCOY,110744,0.6688,0.2671,0.0046,0.0089,0.0243,0.0264
279,GARRETT,110697,0.6996,0.2445,0.0044,0.006,0.0234,0.022
280,BURTON,110529,0.6732,0.2706,0.0053,0.0051,0.0225,0.0234
281,FULLER,110116,0.7322,0.2106,0.006,0.0063,0.0216,0.0233
282,WANG,109883,0.0259,0.0029,0.9524,0.0002,0.015,0.0035
283,WEBER,109433,0.9429,0.0129,0.0063,0.0036,0.0125,0.0218
284,WELCH,108987,0.8347,0.1044,0.0054,0.0111,0.019,0.0255
285,ROJAS,108421,0.0412,0.0037,0.0076,0.0012,0.0016,0.9446
286,LUCAS,107690,0.691,0.1851,0.0163,0.0052,0.0219,0.0805
287,MARQUEZ,107533,0.051,0.0054,0.0283,0.0037,0.0046,0.907
288,FIELDS,107522,0.5766,0.3578,0.0039,0.0124,0.0266,0.0228
289,PARK,106696,0.2334,0.0079,0.7298,0.0016,0.0174,0.01
290,YANG,106033,0.0103,0.002,0.9681,0.0002,0.015,0.0045
291,LITTLE,105936,0.7011,0.2426,0.0044,0.0126,0.0193,0.0201
292,BANKS,105833,0.3927,0.5451,0.0036,0.0043,0.0298,0.0245
293,PADILLA,105365,0.0615,0.004,0.021,0.0079,0.0041,0.9016
294,DAY,105091,0.8308,0.1044,0.0102,0.0108,0.0197,0.024
295,WALSH,105079,0.9448,0.0111,0.0065,0.0023,0.0135,0.022
296,BOWMAN,105007,0.8082,0.1362,0.0048,0.008,0.0205,0.0223
297,SCHULTZ,104888,0.9481,0.007,0.0059,0.0041,0.0128,0.0222
298,LUNA,104518,0.0815,0.004,0.0184,0.0041,0.0041,0.8878
299,FOWLER,104515,0.8141,0.1289,0.0048,0.0096,0.021,0.0216
300,MEJIA,104057,0.0337,0.0045,0.0133,0.0014,0.002,0.9451
301,DAVIDSON,103930,0.8438,0.1008,0.0065,0.0065,0.0188,0.0235
302,ACOSTA,103418,0.0696,0.0062,0.0226,0.0026,0.0043,0.8948
303,BREWER,103318,0.813,0.1264,0.0042,0.0135,0.0209,0.0219
304,MAY,103306,0.8355,0.0957,0.0122,0.0073,0.0189,0.0304
305,HOLLAND,102538,0.7677,0.1767,0.0046,0.0057,0.0216,0.0237
306,JUAREZ,101949,0.0342,0.0022,0.0039,0.0016,0.0015,0.9566
307,NEWMAN,101931,0.8303,0.1108,0.0061,0.0069,0.0199,0.026
308,PEARSON,101836,0.7214,0.2251,0.0056,0.0041,0.0214,0.0224
309,CURTIS,101801,0.779,0.1584,0.0053,0.0103,0.0213,0.0257
310,CORTEZ,101694,0.06,0.007,0.0292,0.0029,0.0044,0.8965
311,DOUGLAS,101458,0.5862,0.3467,0.0052,0.007,0.0269,0.028
312,SCHNEIDER,101290,0.9535,0.0043,0.0059,0.0027,0.012,0.0216
313,JOSEPH,100959,0.2959,0.5419,0.0976,0.0099,0.0249,0.0298
314,BARRETT,100104,0.807,0.134,0.0067,0.0062,0.0196,0.0265
315,NAVARRO,99807,0.0666,0.0038,0.0404,0.0023,0.0055,0.8814
316,FIGUEROA,98468,0.0493,0.0084,0.01,0.0015,0.0026,0.9282
317,KELLER,98268,0.914,0.0386,0.0057,0.0046,0.0145,0.0226
318,AVILA,97314,0.0702,0.0043,0.0111,0.0023,0.0026,0.9096
319,WADE,97040,0.6494,0.2908,0.0047,0.0074,0.0244,0.0234
320,MOLINA,96979,0.0582,0.0051,0.0228,0.0064,0.0042,0.9032
321,STANLEY,96867,0.7879,0.151,0.0074,0.0116,0.0195,0.0227
322,HOPKINS,96810,0.7356,0.2066,0.0048,0.0092,0.0225,0.0214
323,CAMPOS,96111,0.0711,0.0039,0.0138,0.0021,0.0039,0.9052
324,BARNETT,95681,0.7644,0.1747,0.0043,0.009,0.022,0.0256
325,BATES,95622,0.7535,0.189,0.0055,0.0076,0.0203,0.0241
326,CHAMBERS,94988,0.657,0.285,0.0045,0.0058,0.0229,0.0247
327,CALDWELL,93944,0.6805,0.2618,0.0042,0.0074,0.0232,0.0229
328,BECK,93786,0.9027,0.0453,0.0074,0.0063,0.0166,0.0217
329,LAMBERT,93678,0.8366,0.0988,0.0059,0.013,0.0177,0.0279
330,MIRANDA,93628,0.1232,0.0134,0.0421,0.0042,0.0075,0.8097
331,BYRD,92904,0.5901,0.3459,0.0036,0.013,0.0264,0.0211
332,CRAIG,92507,0.7903,0.1515,0.0061,0.0078,0.0206,0.0237
333,AYALA,92463,0.0437,0.0054,0.0047,0.002,0.0018,0.9425
334,LOWE,92260,0.7304,0.1935,0.0168,0.0096,0.0241,0.0256
335,FRAZIER,92152,0.561,0.3736,0.004,0.0136,0.0251,0.0227
336,POWERS,91970,0.896,0.0515,0.0065,0.0055,0.0165,0.0239
337,NEAL,91694,0.621,0.3184,0.006,0.0068,0.0261,0.0216
338,LEONARD,91475,0.8038,0.1407,0.0059,0.0077,0.0177,0.0242
339,GREGORY,91384,0.7864,0.1556,0.0057,0.0075,0.0199,0.0249
340,CARRILLO,91129,0.0513,0.0024,0.0068,0.0036,0.0024,0.9333
341,SUTTON,90964,0.7277,0.217,0.0048,0.0068,0.0224,0.0213
342,FLEMING,90677,0.7171,0.2276,0.0062,0.0052,0.0221,0.0219
343,RHODES,90670,0.7476,0.2004,0.0048,0.0062,0.0192,0.0217
344,SHELTON,90517,0.7349,0.2064,0.0047,0.0067,0.025,0.0223
345,SCHWARTZ,90071,0.9593,0.0044,0.0057,0.0021,0.0096,0.0189
346,NORRIS,89796,0.7988,0.1441,0.0052,0.0094,0.0204,0.022
347,JENNINGS,89700,0.7087,0.2306,0.007,0.0066,0.0225,0.0245
348,WATTS,89649,0.6862,0.2552,0.0048,0.0077,0.0235,0.0226
349,DURAN,89401,0.0993,0.0054,0.0123,0.0078,0.0041,0.8711
350,WALTERS,89376,0.8292,0.1129,0.0065,0.0082,0.0169,0.0263
351,COHEN,89091,0.8889,0.0597,0.0066,0.0011,0.0108,0.0329
352,MCDANIEL,88728,0.7618,0.1835,0.0043,0.0064,0.0205,0.0235
353,MORAN,88615,0.6414,0.0243,0.007,0.0079,0.0113,0.3081
354,PARKS,88586,0.6939,0.2491,0.0059,0.0067,0.0238,0.0206
355,STEELE,88230,0.7825,0.156,0.0053,0.0115,0.0202,0.0243
356,VAUGHN,88060,0.7152,0.2267,0.0044,0.0075,0.0234,0.0227
357,BECKER,87859,0.9489,0.0052,0.0066,0.0034,0.0126,0.0233
358,HOLT,87531,0.7938,0.1485,0.0057,0.0087,0.0224,0.021
359,DELEON,87414,0.0664,0.0104,0.0831,0.0021,0.0074,0.8306
360,BARKER,87162,0.8648,0.0783,0.0068,0.0065,0.0192,0.0244
361,TERRY,87000,0.6628,0.2734,0.0056,0.007,0.0244,0.0268
362,HALE,86618,0.8223,0.1141,0.0054,0.0119,0.0221,0.0242
363,LEON,86363,0.0999,0.0295,0.0104,0.0037,0.0044,0.8521
364,HAIL,86240,0.7314,0.216,0.0037,0.0053,0.0209,0.0227
365,BENSON,86081,0.7785,0.1624,0.0079,0.0077,0.0195,0.0241
366,HAYNES,85974,0.6108,0.3319,0.0042,0.0058,0.0225,0.0247
367,HORTON,85195,0.6999,0.243,0.0052,0.0069,0.0227,0.0223
368,MILES,84942,0.6133,0.3235,0.0049,0.0078,0.0261,0.0244
369,LYONS,84516,0.7488,0.1917,0.005,0.0101,0.021,0.0234
370,PHAM,84320,0.009,0.002,0.9633,0.0003,0.0181,0.0072
371,GRAVES,84179,0.6964,0.2419,0.0048,0.0071,0.0238,0.026
372,BUSH,84018,0.7173,0.2244,0.0057,0.0082,0.0215,0.0229
373,THORNTON,83967,0.6742,0.2708,0.0046,0.0062,0.0234,0.0206
374,WOLFE,83928,0.9077,0.036,0.0052,0.0137,0.0166,0.0209
375,WARNER,83781,0.8422,0.1024,0.0065,0.0061,0.0187,0.0241
376,CABRERA,83621,0.0447,0.0041,0.0352,0.0012,0.0045,0.9102
377,MCKINNEY,83616,0.6884,0.2518,0.004,0.0088,0.0237,0.0234
378,MANN,83510,0.8039,0.099,0.0361,0.0132,0.0212,0.0266
379,ZIMMERMAN,83265,0.9384,0.0232,0.0052,0.003,0.0118,0.0185
380,DAWSON,83182,0.683,0.2588,0.0064,0.0057,0.0229,0.0233
381,LARA,83067,0.0567,0.0037,0.0114,0.003,0.0024,0.9228
382,FLETCHER,83063,0.7286,0.2092,0.0058,0.0074,0.023,0.026
383,PAGE,82992,0.7512,0.1893,0.0066,0.0065,0.0202,0.0262
384,MCCARTHY,82950,0.9229,0.0325,0.0068,0.0027,0.0127,0.0224
385,LOVE,82873,0.5649,0.3703,0.0054,0.0051,0.029,0.0253
386,ROBLES,82458,0.0507,0.0043,0.0205,0.0036,0.003,0.9178
387,CERVANTES,82161,0.0331,0.0016,0.0091,0.0018,0.0014,0.9531
388,SOLIS,82146,0.0514,0.004,0.0161,0.0018,0.0024,0.9243
389,ERICKSON,82085,0.9505,0.0037,0.0065,0.0057,0.0144,0.0192
390,REEVES,81978,0.7731,0.1652,0.0057,0.0077,0.0212,0.0271
391,CHANG,81939,0.0237,0.0087,0.8884,0.0003,0.0418,0.0371
392,KLEIN,81471,0.9541,0.0032,0.006,0.0023,0.0113,0.023
393,SALINAS,81156,0.0555,0.0025,0.009,0.0019,0.0023,0.9288
394,FUENTES,81006,0.0456,0.0041,0.0131,0.0019,0.0029,0.9324
395,BALDWIN,80742,0.7687,0.1725,0.0052,0.0093,0.0199,0.0243
396,DANIEL,80526,0.6284,0.2556,0.0316,0.0069,0.0215,0.0559
397,SIMON,80460,0.6509,0.2251,0.0275,0.0067,0.0193,0.0706
398,VELASQUEZ,80364,0.0475,0.0066,0.0171,0.0043,0.0024,0.9222
399,HARDY,80252,0.6147,0.3234,0.005,0.012,0.0227,0.0222
400,HIGGINS,79803,0.8391,0.1077,0.0056,0.0056,0.019,0.023
401,AGUIRRE,79517,0.051,0.0025,0.0125,0.002,0.0025,0.9294
402,LIN,79508,0.017,0.0018,0.9585,0.0002,0.0177,0.0047
403,CUMMINGS,79316,0.7252,0.1966,0.0072,0.0233,0.0232,0.0245
404,CHANDLER,79186,0.7449,0.1963,0.006,0.0068,0.022,0.024
405,SHARP,78990,0.8357,0.1056,0.0059,0.0102,0.0194,0.0233
406,BARBER,78848,0.7548,0.1838,0.0064,0.0102,0.0208,0.0239
407,BOWEN,78822,0.8208,0.1196,0.0055,0.0068,0.0201,0.0271
408,OCHOA,78677,0.0453,0.0029,0.0054,0.0036,0.0018,0.9409
409,DENNIS,78482,0.656,0.2784,0.006,0.0079,0.0229,0.0288
410,ROBBINS,78381,0.8757,0.0724,0.0049,0.0091,0.0172,0.0206
411,LIU,78370,0.0179,0.0017,0.9562,0.0002,0.0186,0.0054
412,RAMSEY,78350,0.7784,0.1651,0.0046,0.007,0.0202,0.0246
413,FRANCIS,78327,0.5948,0.303,0.02,0.0207,0.0237,0.0378
414,GRIFFITH,78260,0.8393,0.104,0.0055,0.0067,0.0188,0.0256
415,PAUL,78256,0.6699,0.2013,0.0625,0.0205,0.0192,0.0267
416,BLAIR,78026,0.794,0.1467,0.0055,0.0067,0.0218,0.0253
417,OCONNOR,77923,0.9281,0.0212,0.0075,0.0033,0.0137,0.0261
418,CARDENAS,77652,0.0459,0.0028,0.0102,0.002,0.0021,0.937
419,PACHECO,77642,0.1532,0.0057,0.0116,0.0072,0.0081,0.8143
420,CROSS,77557,0.7547,0.1828,0.0057,0.0091,0.0225,0.0252
421,CALDERON,77085,0.0495,0.0056,0.0153,0.0016,0.0025,0.9255
422,QUINN,76986,0.8623,0.0834,0.0069,0.0047,0.0163,0.0264
423,MOSS,76908,0.6973,0.2471,0.0048,0.0068,0.0212,0.0228
424,SWANSON,76897,0.9041,0.048,0.007,0.0046,0.0153,0.021
425,CHAN,76664,0.0275,0.0075,0.8932,0.0005,0.0254,0.0458
426,RIVAS,76205,0.0488,0.0059,0.0041,0.0028,0.0017,0.9367
427,KHAN,76171,0.0689,0.0386,0.8125,0.0054,0.0527,0.022
428,RODGERS,76095,0.7015,0.2384,0.0046,0.0064,0.0222,0.0269
429,SERRANO,75996,0.0562,0.007,0.029,0.0013,0.0031,0.9034
430,FITZGERALD,75356,0.8632,0.0882,0.0067,0.0031,0.0165,0.0222
431,ROSALES,75185,0.0363,0.003,0.0239,0.0021,0.0026,0.9321
432,STEVENSON,75169,0.6344,0.3019,0.0063,0.0054,0.025,0.027
433,CHRISTENSEN,75143,0.9442,0.0036,0.0073,0.006,0.0151,0.0238
434,MANNING,74949,0.739,0.2034,0.0056,0.0081,0.0203,0.0236
435,GILL,74948,0.6523,0.1396,0.1343,0.0059,0.0206,0.0474
436,CURRY,74919,0.5918,0.3493,0.0049,0.0047,0.0241,0.0252
437,MCLAUGHLIN,74816,0.8799,0.0708,0.0058,0.0053,0.0144,0.0238
438,HARMON,74737,0.7726,0.1702,0.0053,0.0073,0.0212,0.0234
439,MCGEE,74542,0.6225,0.3153,0.0045,0.0073,0.0272,0.0232
440,GROSS,74503,0.8487,0.1034,0.0052,0.0034,0.0148,0.0245
441,DOYLE,74458,0.8912,0.0566,0.0066,0.0049,0.0168,0.0239
442,GARNER,74324,0.7171,0.2282,0.0048,0.0054,0.0211,0.0234
443,NEWTON,74092,0.7566,0.1842,0.0062,0.0068,0.0205,0.0256
444,BURGESS,73931,0.7535,0.1867,0.0063,0.0095,0.0221,0.0217
445,REESE,73919,0.6605,0.2824,0.0044,0.0058,0.0207,0.0262
446,WALTON,73854,0.6037,0.342,0.004,0.0051,0.0239,0.0213
447,BLAKE,73797,0.7121,0.2258,0.0056,0.0084,0.0214,0.0268
448,TRUJILLO,73664,0.0839,0.0021,0.0029,0.0163,0.0035,0.8914
449,ADKINS,73599,0.872,0.0802,0.0038,0.0084,0.0183,0.0172
450,BRADY,73145,0.8728,0.0689,0.0056,0.0096,0.0165,0.0266
451,GOODMAN,73136,0.7833,0.1583,0.0057,0.01,0.0184,0.0243
452,ROMAN,72918,0.2079,0.0186,0.0097,0.002,0.0051,0.7567
453,WEBSTER,72625,0.735,0.1975,0.0062,0.0138,0.0225,0.0251
454,GOODWIN,72451,0.7704,0.1722,0.005,0.0086,0.0208,0.023
455,FISCHER,72357,0.9434,0.0087,0.0061,0.004,0.0122,0.0256
456,HUANG,72328,0.009,0.0011,0.9714,0.0002,0.0142,0.004
457,POTTER,72175,0.8907,0.0513,0.0056,0.0078,0.0196,0.025
458,DELACRUZ,72109,0.0386,0.004,0.1677,0.0019,0.0154,0.7724
459,MONTOYA,71844,0.0865,0.0026,0.0087,0.014,0.0038,0.8844
460,TODD,71759,0.8077,0.1358,0.0051,0.0068,0.0211,0.0234
461,WU,71721,0.0137,0.0018,0.9637,0.0002,0.0159,0.0048
462,HINES,71717,0.5772,0.3673,0.0049,0.0049,0.0231,0.0225
463,MULLINS,71646,0.8875,0.0686,0.0036,0.0052,0.0178,0.0174
464,CASTANEDA,71368,0.0411,0.0022,0.0179,0.002,0.0025,0.9342
465,MALONE,71286,0.6731,0.2677,0.0056,0.0071,0.0219,0.0246
466,CANNON,71085,0.6978,0.245,0.005,0.0054,0.0226,0.0242
467,TATE,71058,0.5559,0.3834,0.0061,0.0084,0.025,0.0212
468,MACK,71056,0.4476,0.4906,0.007,0.0053,0.0259,0.0237
469,SHERMAN,70502,0.8274,0.1157,0.0063,0.0098,0.0175,0.0233
470,HUBBARD,70362,0.7105,0.2315,0.0045,0.009,0.023,0.0215
471,HODGES,70223,0.7341,0.209,0.0048,0.0056,0.0208,0.0257
472,ZHANG,70125,0.0099,0.0016,0.9806,0.0002,0.0062,0.0015
473,GUERRA,70071,0.1126,0.008,0.0058,0.005,0.0028,0.8659
474,WOLF,70031,0.9367,0.0107,0.0061,0.0105,0.0146,0.0216
475,VALENCIA,70000,0.0532,0.005,0.0328,0.0121,0.0046,0.8923
476,SAUNDERS,69943,0.6739,0.2612,0.0057,0.0072,0.0257,0.0262
476,FRANCO,69943,0.1582,0.0063,0.0174,0.0032,0.005,0.81
478,ROWE,69879,0.7926,0.1506,0.0064,0.0057,0.02,0.0247
479,GALLAGHER,69834,0.9462,0.0069,0.0064,0.003,0.0126,0.025
480,FARMER,69617,0.7716,0.1745,0.0047,0.0105,0.0182,0.0207
481,HAMMOND,69515,0.7823,0.1609,0.0064,0.0069,0.0216,0.0219
482,HAMPTON,69472,0.537,0.403,0.004,0.0072,0.0267,0.0221
483,TOWNSEND,69360,0.677,0.2642,0.0047,0.0079,0.0225,0.0238
484,INGRAM,69345,0.6145,0.3298,0.0036,0.0054,0.0225,0.0242
485,WISE,68649,0.7863,0.1555,0.0058,0.0071,0.0214,0.0238
486,GALLEGOS,68373,0.0766,0.0019,0.0047,0.0049,0.0029,0.9089
487,CLARKE,68281,0.6102,0.321,0.0063,0.0038,0.0232,0.0356
488,BARTON,68233,0.8511,0.0796,0.0059,0.0131,0.0191,0.0312
489,SCHROEDER,67977,0.9536,0.0032,0.0059,0.0049,0.0113,0.0211
490,MAXWELL,67961,0.7322,0.2063,0.0061,0.0064,0.0216,0.0274
491,WATERS,67929,0.7339,0.2068,0.0056,0.0085,0.0213,0.0239
492,LOGAN,67909,0.648,0.273,0.0071,0.0108,0.0289,0.0321
493,CAMACHO,67893,0.0609,0.0057,0.029,0.0016,0.0071,0.8956
494,STRICKLAND,67769,0.7623,0.1716,0.0046,0.0215,0.0204,0.0197
495,NORMAN,67704,0.6897,0.2507,0.0063,0.0063,0.0225,0.0244
496,PERSON,67411,0.4558,0.3451,0.0414,0.0112,0.0178,0.1288
497,COLON,67338,0.0758,0.0189,0.0031,0.0014,0.0033,0.8975
498,PARSONS,67310,0.9109,0.036,0.006,0.0067,0.0175,0.0227
499,FRANK,67304,0.8454,0.0796,0.0099,0.0223,0.016,0.0268
500,HARRINGTON,66959,0.8201,0.1238,0.0072,0.0064,0.0184,0.0241
501,GLOVER,66858,0.5258,0.4173,0.0051,0.0048,0.0245,0.0224
502,OSBORNE,66827,0.8228,0.1239,0.005,0.0065,0.0197,0.0222
503,BUCHANAN,66648,0.774,0.17,0.0059,0.0057,0.0201,0.0243
504,CASEY,66556,0.8689,0.0747,0.0066,0.007,0.0188,0.0241
505,FLOYD,66454,0.6541,0.2921,0.0041,0.0068,0.023,0.02
506,PATTON,66293,0.7305,0.209,0.0049,0.0088,0.0225,0.0244
507,IBARRA,66063,0.0295,0.0015,0.0124,0.0012,0.0023,0.9532
508,BALL,66059,0.8232,0.12,0.0096,0.0058,0.0178,0.0235
509,TYLER,66056,0.6196,0.3099,0.0054,0.0135,0.027,0.0246
510,SUAREZ,66013,0.0679,0.0057,0.0211,0.0014,0.0027,0.9012
511,BOWERS,66003,0.834,0.1153,0.0047,0.006,0.0173,0.0227
512,OROZCO,65904,0.034,0.0017,0.0039,0.0015,0.0012,0.9576
513,SALAS,65468,0.0646,0.0038,0.0205,0.0031,0.0058,0.9022
514,COBB,65125,0.6998,0.2479,0.0044,0.0064,0.0213,0.0202
515,GIBBS,65064,0.6585,0.2829,0.0049,0.0069,0.0225,0.0242
516,ANDRADE,65037,0.1543,0.0324,0.0162,0.0026,0.0126,0.7819
517,BAUER,65004,0.951,0.0039,0.0059,0.0038,0.0117,0.0238
518,CONNER,64572,0.7857,0.1617,0.0047,0.0057,0.0202,0.022
519,MOODY,64429,0.7127,0.2286,0.0044,0.0076,0.0195,0.0271
520,ESCOBAR,64403,0.0517,0.0041,0.0155,0.0018,0.0026,0.9244
521,MCGUIRE,64327,0.88,0.0633,0.0065,0.0056,0.0186,0.0261
522,LLOYD,64202,0.7259,0.2211,0.0055,0.0044,0.0203,0.0229
523,MUELLER,64191,0.9566,0.0031,0.0064,0.0024,0.0114,0.0202
524,HARTMAN,64106,0.9386,0.0162,0.0065,0.0045,0.0129,0.0213
525,FRENCH,63991,0.8575,0.081,0.0066,0.0111,0.0192,0.0245
526,KRAMER,63936,0.9535,0.0034,0.0061,0.0025,0.0124,0.0221
527,MCBRIDE,63899,0.7428,0.1988,0.0044,0.008,0.0202,0.0257
528,POPE,63881,0.7083,0.2377,0.0047,0.0061,0.0213,0.0219
529,LINDSEY,63760,0.6778,0.2572,0.0079,0.0068,0.0273,0.0231
530,VELAZQUEZ,63736,0.0326,0.0044,0.0012,0.0012,0.0011,0.9595
531,NORTON,63722,0.8784,0.0655,0.0055,0.0119,0.0175,0.0212
532,MCCORMICK,63649,0.8733,0.0759,0.0057,0.0042,0.0161,0.0248
533,SPARKS,63440,0.8422,0.1043,0.0042,0.0074,0.0199,0.0221
534,FLYNN,63400,0.9191,0.0307,0.0066,0.006,0.015,0.0226
535,YATES,63254,0.8058,0.1407,0.0049,0.0054,0.0207,0.0225
536,HOGAN,63085,0.8012,0.1444,0.0053,0.0061,0.0184,0.0246
537,MARSH,62304,0.8274,0.1204,0.0054,0.0057,0.019,0.0222
538,MACIAS,62227,0.0492,0.0017,0.004,0.0021,0.0016,0.9414
539,VILLANUEVA,61883,0.0425,0.0043,0.1229,0.0026,0.0101,0.8177
540,ZAMORA,61729,0.0538,0.0031,0.0252,0.0026,0.0033,0.9121
541,PRATT,61671,0.7804,0.1569,0.0062,0.01,0.0202,0.0263
542,STOKES,61639,0.5827,0.36,0.0036,0.0045,0.0239,0.0252
543,OWEN,61630,0.9178,0.0237,0.0073,0.0087,0.0171,0.0254
544,BALLARD,61625,0.7526,0.1917,0.0042,0.0082,0.0209,0.0223
545,LANG,61529,0.8136,0.1038,0.0331,0.0059,0.0184,0.0252
546,BROCK,61369,0.8303,0.1174,0.0046,0.0076,0.0198,0.0202
547,VILLARREAL,61355,0.0645,0.0023,0.0019,0.0015,0.0013,0.9285
548,CHARLES,61211,0.3369,0.5296,0.0101,0.0207,0.0237,0.079
549,DRAKE,61162,0.7955,0.1492,0.0052,0.0062,0.0204,0.0234
550,BARRERA,60998,0.0501,0.0027,0.0114,0.002,0.0021,0.9318
551,CAIN,60948,0.7721,0.17,0.0075,0.006,0.0211,0.0233
552,PATRICK,60845,0.7373,0.2035,0.0073,0.0103,0.0201,0.0215
553,PINEDA,60820,0.0329,0.0032,0.0528,0.0012,0.0032,0.9067
554,BURNETT,60791,0.6991,0.2406,0.0041,0.0074,0.0252,0.0236
555,MERCADO,60761,0.0524,0.0058,0.0685,0.0014,0.0063,0.8655
556,SANTANA,60667,0.0613,0.0131,0.0054,0.0011,0.0033,0.9159
557,SHEPHERD,60479,0.7864,0.1594,0.0054,0.0089,0.0195,0.0204
558,BAUTISTA,60264,0.0316,0.0027,0.1823,0.0028,0.0127,0.768
559,ALI,60002,0.1733,0.3071,0.4291,0.0051,0.0566,0.0287
560,SHAFFER,59943,0.9308,0.0254,0.0055,0.004,0.015,0.0192
561,LAMB,59913,0.861,0.0862,0.007,0.0054,0.0173,0.0229
562,TREVINO,59882,0.0783,0.0029,0.002,0.004,0.0022,0.9106
563,MCKENZIE,59595,0.6464,0.2863,0.0069,0.0074,0.0228,0.0303
564,HESS,59486,0.9463,0.0093,0.0055,0.0053,0.0138,0.0198
565,BEIL,59463,0.621,0.3208,0.0034,0.0087,0.0229,0.0233
566,OLSEN,59356,0.9369,0.0034,0.0077,0.0076,0.0179,0.0265
567,COCHRAN,59350,0.8529,0.0905,0.005,0.0124,0.0167,0.0224
568,MORTON,59213,0.74,0.1974,0.0066,0.0086,0.0229,0.0245
569,NASH,58714,0.6934,0.2462,0.0053,0.008,0.0243,0.0229
570,WILKINS,58634,0.6309,0.3056,0.0043,0.0089,0.0236,0.0266
571,PETERSEN,58480,0.9342,0.0133,0.0076,0.0044,0.0155,0.0251
572,BRIGGS,58408,0.7592,0.1856,0.0051,0.0067,0.021,0.0224
573,SHAH,58287,0.0359,0.0094,0.9174,0.0034,0.027,0.007
574,ROTH,58278,0.9486,0.005,0.009,0.0029,0.0119,0.0227
575,NICHOLSON,58151,0.7425,0.1989,0.0054,0.0062,0.0215,0.0254
576,HOLLOWAY,58040,0.5827,0.3607,0.004,0.0061,0.0253,0.0212
577,LOZANO,57779,0.0596,0.0029,0.0155,0.002,0.0026,0.9173
578,RANGEL,57549,0.0601,0.0029,0.0028,0.0022,0.0018,0.9302
578,FLOWERS,57549,0.5312,0.4028,0.004,0.0063,0.028,0.0277
580,HOOVER,57497,0.9203,0.0337,0.0059,0.0064,0.015,0.0187
581,SHORT,57477,0.8412,0.1024,0.0059,0.0086,0.0201,0.0218
581,ARIAS,57477,0.0512,0.004,0.0106,0.0014,0.0021,0.9307
583,MORA,57464,0.0738,0.0045,0.0107,0.0026,0.0026,0.9059
584,VALENZUELA,57383,0.0495,0.0021,0.024,0.0167,0.004,0.9036
585,BRYAN,57143,0.8133,0.1179,0.0064,0.0063,0.0177,0.0383
586,MEYERS,57127,0.8978,0.0464,0.0076,0.0062,0.0182,0.0238
587,WEISS,57112,0.9558,0.0038,0.0065,0.002,0.0095,0.0224
588,UNDERWOOD,57064,0.792,0.1503,0.0048,0.0109,0.0203,0.0217
589,BASS,57044,0.6918,0.2453,0.0049,0.0077,0.0231,0.0272
590,GREER,57043,0.733,0.2133,0.0049,0.0045,0.0207,0.0236
591,SUMMERS,56953,0.7893,0.148,0.0054,0.011,0.0229,0.0234
592,HOUSTON,56900,0.5207,0.4149,0.005,0.0063,0.0281,0.0251
593,CARSON,56872,0.7225,0.2167,0.0061,0.0078,0.0228,0.0241
594,MORROW,56840,0.7985,0.1472,0.0052,0.0072,0.0204,0.0215
595,CLAYTON,56638,0.6914,0.2547,0.0045,0.0053,0.0223,0.0218
596,WHITAKER,56616,0.7071,0.2433,0.0046,0.0045,0.0202,0.0203
597,DECKER,56576,0.9396,0.009,0.0051,0.0058,0.0161,0.0245
598,YODER,56410,0.9777,0.0019,0.0023,0.0015,0.0073,0.0093
599,COLLIER,56380,0.6697,0.2739,0.0047,0.006,0.0241,0.0215
600,ZUNIGA,56347,0.0445,0.0048,0.0075,0.0023,0.0016,0.9392
601,CAREY,56322,0.809,0.1352,0.006,0.0067,0.0205,0.0225
602,WILCOX,56286,0.8389,0.1042,0.0056,0.0078,0.0187,0.0248
603,MELENDEZ,56230,0.0496,0.0099,0.0048,0.0022,0.0026,0.9308
604,POOLE,56226,0.7256,0.2271,0.0048,0.0042,0.0197,0.0185
605,ROBERSON,56180,0.5134,0.4278,0.0038,0.0052,0.0274,0.0223
606,LARSEN,55960,0.9416,0.0051,0.0075,0.007,0.015,0.0237
607,CONLEY,55917,0.7978,0.1539,0.0042,0.0055,0.0202,0.0185
608,DAVENPORT,55895,0.7176,0.2232,0.0049,0.0069,0.0238,0.0236
609,COPELAND,55850,0.6585,0.2828,0.0046,0.0071,0.0239,0.0231
610,MASSEY,55595,0.7318,0.2042,0.0106,0.0107,0.0196,0.0232
611,LAM,55554,0.0684,0.0057,0.8799,0.0005,0.0199,0.0256
612,HUFF,55484,0.8137,0.1341,0.0052,0.007,0.0188,0.0211
613,ROCHA,55251,0.1645,0.0083,0.008,0.0034,0.0049,0.8108
614,CAMERON,55240,0.7552,0.1786,0.0066,0.0073,0.0209,0.0314
615,JEFFERSON,55179,0.1745,0.7424,0.004,0.019,0.0354,0.0247
616,HOOD,55174,0.7407,0.2016,0.0052,0.01,0.0207,0.0218
617,MONROE,55136,0.6288,0.2927,0.005,0.0153,0.0253,0.0328
618,ANTHONY,55114,0.5982,0.3193,0.0153,0.0062,0.0229,0.0382
619,PITTMAN,55021,0.6355,0.3131,0.0036,0.0065,0.0214,0.0199
620,HUYNH,54996,0.0082,0.0009,0.9668,0.0002,0.0172,0.0067
621,RANDALL,54764,0.7465,0.1907,0.0064,0.0116,0.0217,0.023
622,SINGLETON,54621,0.4591,0.4862,0.0038,0.0041,0.0248,0.022
623,KIRK,54394,0.8237,0.1056,0.0129,0.0138,0.0206,0.0234
624,COMBS,54257,0.8608,0.0913,0.0045,0.0057,0.0186,0.0191
625,MATHIS,54217,0.6194,0.3265,0.0029,0.0059,0.022,0.0233
626,CHRISTIAN,54198,0.6641,0.2457,0.0233,0.0059,0.0249,0.0362
627,SKINNER,54046,0.7934,0.1503,0.0048,0.0066,0.0196,0.0253
628,BRADFORD,54015,0.6477,0.291,0.0051,0.0064,0.0248,0.025
629,RICHARD,53893,0.7035,0.2346,0.009,0.0057,0.0197,0.0275
630,GALVAN,53822,0.0606,0.0027,0.008,0.0038,0.0023,0.9226
631,WALL,53794,0.861,0.0821,0.0075,0.0081,0.0181,0.0231
632,BOONE,53792,0.6239,0.3101,0.0052,0.0138,0.0236,0.0235
633,KIRBY,53767,0.859,0.0916,0.005,0.0073,0.0178,0.0193
634,WILKINSON,53739,0.8816,0.0652,0.0063,0.0061,0.0174,0.0236
635,BRIDGES,53682,0.6771,0.2705,0.0046,0.0052,0.0216,0.021
636,BRUCE,53419,0.7735,0.1589,0.0074,0.0113,0.022,0.027
637,ATKINSON,53376,0.7931,0.1396,0.0055,0.0055,0.0173,0.039
638,VELEZ,53265,0.068,0.0092,0.0088,0.0007,0.003,0.9103
639,MEZA,53230,0.0373,0.0026,0.0018,0.0018,0.0011,0.9553
640,ROY,53159,0.752,0.0904,0.0969,0.0154,0.0196,0.0257
641,VINCENT,53095,0.7893,0.1395,0.014,0.0063,0.0197,0.0312
642,YORK,53059,0.8581,0.0804,0.009,0.01,0.0197,0.0228
643,HODGE,52920,0.6867,0.2492,0.0043,0.0065,0.0243,0.029
644,VILLA,52817,0.0808,0.0039,0.0206,0.0031,0.0042,0.8874
645,ABBOTT,52739,0.895,0.0489,0.0065,0.0066,0.0178,0.0253
646,ALLISON,52701,0.8072,0.131,0.0057,0.0134,0.0199,0.0228
647,TAPIA,52651,0.0485,0.0029,0.0071,0.004,0.0022,0.9354
648,GATES,52569,0.7504,0.1913,0.0062,0.0076,0.0206,0.0238
649,CHASE,52481,0.8184,0.1139,0.0072,0.0147,0.0207,0.025
650,SOSA,52457,0.051,0.0052,0.0072,0.0018,0.0016,0.9331
651,SWEENEY,52410,0.906,0.0476,0.0056,0.0039,0.013,0.0238
652,FARRELL,52321,0.8988,0.0478,0.0073,0.0054,0.0141,0.0265
653,WYATT,52211,0.7571,0.1863,0.0042,0.0067,0.0207,0.0249
654,DALTON,52184,0.8684,0.0771,0.0057,0.0067,0.0187,0.0232
655,HORN,52138,0.8515,0.0865,0.0098,0.0118,0.0182,0.0222
656,BARRON,52070,0.4637,0.0883,0.007,0.0039,0.0118,0.4252
657,PHELPS,52044,0.851,0.0968,0.0052,0.006,0.0182,0.0229
658,YU,52035,0.0146,0.0012,0.961,0.0002,0.0161,0.0069
659,DICKERSON,51889,0.6297,0.3157,0.0043,0.0042,0.0252,0.0209
660,HEATH,51877,0.803,0.1438,0.0051,0.0077,0.018,0.0224
661,FOLEY,51865,0.9205,0.0331,0.0073,0.003,0.0151,0.021
662,ATKINS,51671,0.6762,0.2667,0.005,0.0059,0.024,0.0221
663,MATHEWS,51592,0.7463,0.1536,0.0424,0.0073,0.0221,0.0283
664,BONILLA,51475,0.0448,0.007,0.0117,0.0017,0.0025,0.9323
665,ACEVEDO,51351,0.0511,0.006,0.0042,0.0016,0.0017,0.9354
666,BENITEZ,51288,0.0376,0.005,0.0159,0.0009,0.0019,0.9386
667,ZAVALA,51153,0.0329,0.002,0.0018,0.0009,0.0012,0.9613
668,HENSLEY,51081,0.9283,0.0188,0.0047,0.0098,0.0179,0.0206
669,GLENN,51043,0.6141,0.3278,0.0048,0.0063,0.0239,0.0232
670,CISNEROS,50920,0.0458,0.002,0.002,0.0012,0.0017,0.9473
671,HARRELL,50837,0.6608,0.2884,0.0035,0.0051,0.022,0.0201
672,SHIELDS,50832,0.7583,0.185,0.0064,0.0095,0.019,0.0218
673,RUBIO,50788,0.0535,0.0028,0.018,0.0027,0.0025,0.9204
674,HUFFMAN,50786,0.912,0.0431,0.0046,0.0047,0.0164,0.0191
674,CHOI,50786,0.0157,0.0031,0.9609,0.0001,0.0149,0.0054
676,BOYER,50742,0.8878,0.0545,0.0062,0.0061,0.0186,0.0268
677,GARRISON,50686,0.8309,0.1102,0.005,0.0083,0.0209,0.0248
678,ARROYO,50614,0.0462,0.0063,0.0106,0.0013,0.0024,0.9331
679,BOND,50610,0.7591,0.1788,0.0058,0.0085,0.0234,0.0243
680,KANE,50584,0.8908,0.0457,0.0167,0.0047,0.0177,0.0243
681,HANCOCK,50558,0.8733,0.0765,0.0048,0.0061,0.017,0.0223
682,CALLAHAN,50524,0.898,0.0528,0.006,0.0053,0.0155,0.0223
683,DILLON,50465,0.8436,0.097,0.0072,0.0098,0.0165,0.0258
684,CLINE,50258,0.9286,0.0215,0.0051,0.0087,0.0161,0.02
685,WIGGINS,50247,0.5467,0.3964,0.0033,0.0065,0.0237,0.0233
686,GRIMES,50245,0.7491,0.1949,0.0039,0.0058,0.0218,0.0245
687,ARELLANO,50104,0.0449,0.001,0.0261,0.0028,0.0039,0.9212
688,MELTON,50069,0.7976,0.142,0.0051,0.0106,0.0212,0.0234
689,ONEILL,50028,0.9267,0.0094,0.0077,0.0027,0.0136,0.0399
690,SAVAGE,49914,0.7484,0.1957,0.005,0.008,0.0207,0.0222
691,HO,49817,0.0242,0.002,0.9306,0.0003,0.0321,0.0108
692,BELTRAN,49776,0.0494,0.0038,0.0334,0.0016,0.0032,0.9085
693,PITTS,49740,0.6323,0.3135,0.0046,0.0051,0.0233,0.0212
694,PARRISH,49733,0.8021,0.1418,0.0049,0.0126,0.0184,0.0201
695,PONCE,49549,0.0513,0.0038,0.0203,0.0021,0.0036,0.9189
696,RICH,49481,0.852,0.0929,0.0067,0.0056,0.0187,0.0241
697,BOOTH,49402,0.8338,0.1084,0.0063,0.0105,0.0176,0.0234
698,KOCH,49395,0.9529,0.0026,0.0073,0.0029,0.0112,0.023
699,GOLDEN,49360,0.747,0.1985,0.0054,0.0061,0.0202,0.0228
700,WARE,49316,0.4869,0.4488,0.0047,0.0082,0.0275,0.0239
701,BRENNAN,49238,0.9456,0.008,0.0083,0.0024,0.0126,0.0232
702,MCDOWELL,49217,0.697,0.2486,0.0048,0.0062,0.0209,0.0225
703,MARKS,49177,0.7993,0.1399,0.0073,0.009,0.0191,0.0253
704,CANTU,49126,0.0785,0.0062,0.002,0.0023,0.0021,0.9089
705,HUMPHREY,49056,0.7131,0.2321,0.0045,0.0067,0.021,0.0226
706,BAXTER,49033,0.8037,0.1387,0.006,0.0063,0.0207,0.0247
707,SAWYER,49028,0.8083,0.1362,0.0071,0.0057,0.0199,0.0229
708,CLAY,48844,0.5274,0.405,0.0049,0.0094,0.029,0.0243
709,TANNER,48813,0.8275,0.1094,0.0063,0.0114,0.0221,0.0232
710,HUTCHINSON,48781,0.7538,0.1849,0.0071,0.0072,0.022,0.0251
711,KAUR,48753,0.0113,0.0027,0.9609,0.0064,0.015,0.0037
712,BERG,48746,0.9469,0.0035,0.0073,0.0047,0.0144,0.0232
713,WILEY,48720,0.6571,0.2868,0.0046,0.0064,0.0228,0.0223
714,GILMORE,48719,0.6541,0.2806,0.0052,0.0087,0.0255,0.0259
715,RUSSO,48696,0.9385,0.0043,0.005,0.0014,0.0094,0.0414
716,VILLEGAS,48599,0.0397,0.0029,0.0324,0.0024,0.0039,0.9188
717,HOBBS,48522,0.7907,0.1554,0.0038,0.0081,0.0196,0.0225
718,KEITH,48487,0.7932,0.1452,0.0067,0.0108,0.0213,0.0228
719,WILKERSON,48444,0.6468,0.2939,0.0045,0.0061,0.0259,0.0227
720,AHMED,48319,0.1569,0.2202,0.5654,0.0036,0.0396,0.0144
721,BEARD,48207,0.7491,0.1961,0.0045,0.0067,0.0199,0.0238
722,MCCLAIN,48165,0.6111,0.331,0.0036,0.0049,0.0257,0.0237
723,MONTES,48142,0.0546,0.0065,0.0079,0.003,0.0022,0.9258
724,MATA,48120,0.0586,0.0033,0.0258,0.0034,0.005,0.9039
725,ROSARIO,48051,0.0573,0.018,0.0451,0.001,0.0082,0.8702
726,VANG,48036,0.0137,,0.967,,0.0141,0.0042
727,WALTER,48024,0.8857,0.062,0.0094,0.0054,0.0142,0.0234
728,HENSON,48013,0.8206,0.1079,0.0103,0.013,0.0245,0.0237
729,ONEAL,47979,0.6455,0.2917,0.0044,0.0074,0.0262,0.0248
730,MOSLEY,47963,0.4049,0.5316,0.0033,0.0061,0.0315,0.0227
731,MCCLURE,47742,0.8462,0.0974,0.0057,0.0083,0.0194,0.023
732,BEASLEY,47693,0.6702,0.2762,0.0042,0.0067,0.0232,0.0195
733,STEPHENSON,47641,0.8006,0.1396,0.0061,0.0069,0.0204,0.0265
734,SNOW,47528,0.85,0.0897,0.0061,0.0142,0.0205,0.0194
735,HUERTA,47455,0.0378,0.002,0.0027,0.0014,0.0014,0.9547
736,PRESTON,47367,0.7318,0.204,0.0057,0.0105,0.023,0.0249
737,VANCE,47324,0.8162,0.1288,0.0055,0.0065,0.0186,0.0244
738,BARRY,47274,0.8447,0.1054,0.0076,0.0037,0.0137,0.0249
739,JOHNS,47246,0.7978,0.1277,0.0079,0.0195,0.0218,0.0253
740,EATON,47184,0.8511,0.0956,0.0054,0.0076,0.0172,0.0231
741,BLACKWELL,47175,0.6569,0.2846,0.0039,0.0077,0.0264,0.0205
742,DYER,47170,0.8322,0.1136,0.0051,0.0065,0.0176,0.025
743,PRINCE,47168,0.6642,0.2645,0.0071,0.0092,0.0236,0.0314
744,MACDONALD,46717,0.9372,0.0106,0.0085,0.0043,0.0158,0.0237
745,SOLOMON,46534,0.5783,0.3211,0.0313,0.0136,0.0241,0.0315
746,GUEVARA,46454,0.0434,0.0051,0.0271,0.002,0.0034,0.919
747,STAFFORD,46394,0.7914,0.1507,0.0048,0.0093,0.0216,0.0223
748,ENGLISH,46393,0.7137,0.2242,0.0072,0.0057,0.0248,0.0244
749,HURST,46244,0.845,0.1053,0.0047,0.0054,0.0179,0.0218
750,WOODARD,46240,0.599,0.346,0.0048,0.0059,0.0221,0.0222
751,CORTES,46229,0.0483,0.004,0.0206,0.0009,0.0022,0.924
752,SHANNON,46147,0.7516,0.1951,0.0054,0.004,0.0203,0.0236
753,KEMP,46146,0.7172,0.2283,0.0049,0.0069,0.0221,0.0207
754,NOLAN,46054,0.8685,0.0744,0.0058,0.0056,0.0166,0.0291
755,MCCULLOUGH,45852,0.7327,0.2117,0.005,0.0045,0.0201,0.026
756,MERRITT,45594,0.7508,0.1967,0.005,0.0069,0.0195,0.0211
757,MURILLO,45558,0.044,0.0036,0.0087,0.0029,0.0024,0.9384
758,MOON,45528,0.6569,0.1002,0.191,0.0099,0.0218,0.0202
759,SALGADO,45469,0.0408,0.003,0.0123,0.0034,0.0019,0.9386
760,STRONG,45432,0.6684,0.2583,0.008,0.0145,0.0247,0.026
761,KLINE,45390,0.9418,0.0162,0.0051,0.0034,0.0133,0.0202
762,CORDOVA,45305,0.1025,0.0063,0.0134,0.0076,0.0051,0.8651
763,BARAJAS,45153,0.0306,0.001,0.0013,0.0015,0.001,0.9646
764,ROACH,45019,0.8026,0.1399,0.005,0.0084,0.0176,0.0265
765,ROSAS,44938,0.0386,0.0025,0.0051,0.0018,0.0012,0.9508
766,WINTERS,44914,0.7911,0.1508,0.0052,0.0084,0.0205,0.0241
767,JACOBSON,44808,0.9466,0.004,0.0076,0.0053,0.0147,0.0218
768,LESTER,44784,0.7578,0.186,0.0043,0.0121,0.0175,0.0222
769,KNOX,44742,0.634,0.3058,0.0049,0.0074,0.0249,0.0231
770,BULLOCK,44740,0.6159,0.3296,0.0046,0.0061,0.0223,0.0215
771,KERR,44711,0.8686,0.0752,0.008,0.006,0.0178,0.0244
772,LEACH,44581,0.8028,0.1384,0.0058,0.0088,0.0199,0.0242
773,MEADOWS,44500,0.8124,0.1417,0.004,0.0048,0.0181,0.019
774,ORR,44388,0.7942,0.15,0.0065,0.0077,0.0196,0.022
774,DAVILA,44388,0.0664,0.007,0.0033,0.0018,0.002,0.9195
776,WHITEHEAD,44373,0.7049,0.2403,0.004,0.0073,0.0223,0.0211
777,PRUITT,44365,0.7319,0.215,0.0032,0.0071,0.0227,0.0201
778,KENT,44325,0.8388,0.1041,0.0081,0.0067,0.0194,0.0229
779,CONWAY,44320,0.8176,0.1247,0.0063,0.0071,0.0194,0.0249
780,MCKEE,44137,0.8742,0.0681,0.0063,0.0084,0.0194,0.0235
781,BARR,44130,0.8269,0.1174,0.0059,0.0104,0.0167,0.0226
782,DAVID,44040,0.5945,0.1486,0.1385,0.0173,0.0252,0.0759
783,DEJESUS,44038,0.0589,0.0156,0.0772,0.0022,0.0069,0.8392
784,MARIN,43904,0.1107,0.0107,0.0081,0.0017,0.0032,0.8658
785,BERGER,43851,0.9233,0.0248,0.0069,0.0034,0.0136,0.028
786,MCINTYRE,43842,0.7851,0.1627,0.0054,0.0043,0.0193,0.0232
787,BLANKENSHIP,43830,0.9371,0.0203,0.0036,0.0077,0.0151,0.0163
788,GAINES,43821,0.4293,0.5072,0.0033,0.0058,0.0306,0.0237
789,PALACIOS,43798,0.0428,0.004,0.0087,0.0015,0.0024,0.9405
790,CUEVAS,43701,0.0735,0.0028,0.0174,0.0016,0.0023,0.9024
791,BARTLETT,43648,0.9056,0.0371,0.0066,0.0065,0.0182,0.026
792,DURHAM,43635,0.7303,0.2154,0.0043,0.0063,0.022,0.0217
793,DORSEY,43631,0.4184,0.5216,0.004,0.0048,0.0318,0.0195
794,MCCALL,43483,0.6652,0.2822,0.0045,0.0055,0.0205,0.0221
795,ODONNELL,43460,0.951,0.0047,0.0056,0.0027,0.0122,0.0238
796,STEIN,43389,0.944,0.0102,0.007,0.0036,0.0116,0.0236
797,BROWNING,43329,0.8747,0.0728,0.0043,0.007,0.0183,0.0228
798,STOUT,43305,0.9205,0.0229,0.0065,0.0089,0.0171,0.0242
799,LOWERY,43278,0.6795,0.2296,0.0036,0.0448,0.0218,0.0207
800,SLOAN,43261,0.7942,0.1385,0.0056,0.0184,0.0209,0.0225
801,MCLEAN,43260,0.6695,0.2691,0.0066,0.007,0.0214,0.0263
802,HENDRICKS,43197,0.757,0.174,0.0056,0.0135,0.0221,0.0278
803,CALHOUN,43180,0.6169,0.3299,0.0048,0.0052,0.0226,0.0207
804,SEXTON,43133,0.9143,0.0364,0.0046,0.0074,0.0158,0.0214
805,CHUNG,43110,0.0225,0.0228,0.9001,0.0003,0.0402,0.014
806,GENTRY,43027,0.8209,0.1215,0.0042,0.0073,0.0209,0.0252
807,HULL,43018,0.8554,0.0862,0.0062,0.0074,0.0188,0.026
808,DUARTE,42983,0.162,0.0167,0.0088,0.0029,0.0097,0.7999
809,ELLISON,42827,0.6584,0.2832,0.0059,0.0057,0.0229,0.024
810,NIELSEN,42773,0.9415,0.0035,0.0088,0.0041,0.015,0.0271
811,GILLESPIE,42693,0.812,0.1384,0.0047,0.0048,0.0172,0.0229
812,BUCK,42639,0.881,0.0571,0.0078,0.0143,0.0192,0.0206
813,MIDDLETON,42578,0.6671,0.2816,0.005,0.0046,0.0206,0.0211
814,SELLERS,42577,0.7651,0.1784,0.0047,0.0104,0.0201,0.0213
815,LEBLANC,42575,0.8617,0.0875,0.0046,0.0068,0.0144,0.0249
816,ESPARZA,42559,0.0512,0.0014,0.0018,0.0024,0.0015,0.9417
817,HARDIN,42469,0.7767,0.16,0.0058,0.0141,0.0219,0.0215
818,BRADSHAW,42465,0.7807,0.1642,0.0045,0.0057,0.0216,0.0234
819,MCINTOSH,42379,0.6976,0.238,0.0055,0.0108,0.025,0.023
820,HOWE,42265,0.9062,0.0318,0.0099,0.0127,0.0183,0.021
821,LIVINGSTON,42103,0.7208,0.2089,0.0054,0.0194,0.0203,0.0252
822,FROST,42015,0.8646,0.0769,0.0074,0.0094,0.0199,0.0219
823,GLASS,41802,0.7699,0.1735,0.0044,0.0106,0.0188,0.0229
824,MORSE,41774,0.9054,0.0431,0.0072,0.0057,0.018,0.0206
825,KNAPP,41771,0.9471,0.0058,0.0064,0.0044,0.0136,0.0227
826,HERMAN,41750,0.9049,0.034,0.009,0.0101,0.0126,0.0294
827,STARK,41735,0.9248,0.0225,0.0058,0.007,0.0153,0.0246
828,BRAVO,41700,0.0621,0.0065,0.019,0.0029,0.0035,0.906
829,NOBLE,41667,0.7769,0.144,0.0165,0.0074,0.0212,0.034
830,SPEARS,41665,0.6695,0.2634,0.0046,0.0156,0.0247,0.0223
831,WEEKS,41565,0.8438,0.0997,0.0055,0.0084,0.0181,0.0245
832,CORONA,41553,0.0859,0.003,0.0043,0.0015,0.0025,0.9028
833,FREDERICK,41394,0.8013,0.1407,0.0062,0.0082,0.0194,0.0242
834,BUCKLEY,41348,0.8318,0.1148,0.0057,0.0073,0.0169,0.0237
835,MCFARLAND,41300,0.7885,0.1564,0.0061,0.0055,0.0212,0.0223
836,HEBERT,41275,0.9043,0.0485,0.0045,0.0055,0.0135,0.0236
837,ENRIQUEZ,41271,0.0404,0.0055,0.0792,0.0042,0.0056,0.8651
838,HICKMAN,41163,0.7517,0.1866,0.0045,0.0126,0.022,0.0227
839,QUINTERO,41158,0.0421,0.0037,0.0042,0.0075,0.0016,0.9409
840,RANDOLPH,41129,0.5587,0.3771,0.0047,0.007,0.0288,0.0237
841,SCHAEFER,41063,0.9505,0.0046,0.0068,0.0035,0.0131,0.0216
842,WALLS,41025,0.6868,0.2539,0.0037,0.0077,0.0237,0.0242
843,TREJO,41021,0.0396,0.0036,0.0013,0.0025,0.0016,0.9513
844,HOUSE,41000,0.751,0.187,0.0042,0.0147,0.0225,0.0205
845,REILLY,40884,0.9527,0.0043,0.007,0.0013,0.0116,0.0231
846,PENNINGTON,40854,0.8786,0.0723,0.0041,0.0053,0.0176,0.022
847,MICHAEL,40736,0.8359,0.0888,0.0195,0.0067,0.0185,0.0306
848,CONRAD,40707,0.9202,0.0314,0.0062,0.0058,0.0148,0.0216
849,GILES,40598,0.6494,0.2615,0.0044,0.0048,0.0232,0.0566
850,BENJAMIN,40590,0.4904,0.4158,0.0249,0.009,0.0261,0.0338
851,CROSBY,40563,0.7003,0.2402,0.0054,0.0072,0.0219,0.025
852,FITZPATRICK,40449,0.8559,0.0942,0.006,0.004,0.0167,0.0232
853,DONOVAN,40410,0.9294,0.02,0.0068,0.0027,0.0133,0.0279
854,MAYS,40408,0.5475,0.3968,0.0036,0.0056,0.0266,0.0198
855,MAHONEY,40397,0.911,0.0428,0.0063,0.0024,0.0148,0.0227
856,VALENTINE,40395,0.6606,0.2329,0.0066,0.005,0.0214,0.0735
857,RAYMOND,40275,0.7907,0.1361,0.0105,0.0094,0.0205,0.0328
858,MEDRANO,40261,0.0427,0.003,0.0194,0.0021,0.003,0.9298
859,HAHN,40250,0.9016,0.0048,0.0569,0.0033,0.013,0.0204
860,MCMILLAN,40237,0.6796,0.2564,0.0059,0.0127,0.024,0.0215
861,SMALL,40212,0.6266,0.3081,0.0058,0.0141,0.0193,0.0261
862,BENTLEY,40193,0.8248,0.1238,0.0052,0.0046,0.0187,0.0229
863,FELIX,40165,0.175,0.1156,0.028,0.0089,0.0096,0.6629
864,PECK,40055,0.9068,0.036,0.009,0.005,0.0168,0.0264
865,LUCERO,39986,0.111,0.0022,0.0267,0.0289,0.007,0.8241
866,BOYLE,39921,0.9352,0.0202,0.0061,0.0029,0.0129,0.0226
867,HANNA,39890,0.8709,0.064,0.0098,0.0057,0.0224,0.0271
868,PACE,39879,0.7826,0.1649,0.0067,0.0051,0.0171,0.0235
869,RUSH,39802,0.7404,0.2081,0.0046,0.0068,0.0186,0.0216
870,HURLEY,39796,0.9071,0.0464,0.0065,0.0062,0.0148,0.019
871,HARDING,39787,0.8014,0.1364,0.0061,0.0088,0.0219,0.0253
872,MCCONNELL,39754,0.8876,0.0598,0.0058,0.008,0.0178,0.021
873,BERNAL,39693,0.0795,0.0041,0.0239,0.0031,0.0039,0.8854
874,NAVA,39670,0.0448,0.0027,0.0108,0.0022,0.002,0.9376
875,AYERS,39623,0.8296,0.1166,0.006,0.0058,0.0213,0.0207
876,EVERETT,39593,0.689,0.2459,0.0051,0.007,0.021,0.0321
877,VENTURA,39580,0.188,0.0077,0.0464,0.0029,0.0104,0.7447
878,AVERY,39564,0.7113,0.2293,0.0051,0.0075,0.0239,0.0229
879,PUGH,39559,0.6724,0.2807,0.0045,0.0043,0.0198,0.0182
880,MAYER,39555,0.9311,0.0125,0.0091,0.0036,0.0134,0.0304
881,BENDER,39551,0.8849,0.0653,0.0067,0.0064,0.016,0.0208
882,SHEPARD,39430,0.7674,0.1705,0.0055,0.0087,0.0216,0.0263
883,MCMAHON,39411,0.9322,0.0227,0.0065,0.0021,0.013,0.0234
884,LANDRY,39391,0.8297,0.1256,0.0051,0.0039,0.0149,0.0209
885,CASE,39319,0.9233,0.0212,0.0065,0.0101,0.0173,0.0216
886,SAMPSON,39277,0.6021,0.2999,0.0066,0.039,0.0243,0.028
887,MOSES,39216,0.5505,0.3447,0.0203,0.0316,0.027,0.026
888,MAGANA,39105,0.0381,0.0035,0.0061,0.0018,0.0016,0.949
889,BLACKBURN,39097,0.8741,0.0731,0.0052,0.0091,0.0171,0.0214
890,DUNLAP,39063,0.75,0.1952,0.0046,0.0066,0.0213,0.0223
891,GOULD,38924,0.8679,0.0721,0.0072,0.0138,0.018,0.021
892,DUFFY,38835,0.9071,0.0425,0.0067,0.0049,0.0163,0.0225
893,VAUGHAN,38830,0.8204,0.1293,0.005,0.0045,0.0173,0.0235
894,HERRING,38733,0.7271,0.2205,0.0041,0.0045,0.0216,0.0221
895,MCKAY,38681,0.8003,0.1356,0.007,0.012,0.0212,0.0239
896,ESPINOSA,38667,0.0773,0.0043,0.035,0.0033,0.0036,0.8765
897,RIVERS,38662,0.4047,0.5093,0.0061,0.0195,0.0264,0.034
898,FARLEY,38528,0.8374,0.1087,0.0057,0.0076,0.0159,0.0246
899,BERNARD,38512,0.6284,0.2583,0.0109,0.0073,0.0215,0.0737
900,ASHLEY,38499,0.7184,0.206,0.0065,0.0235,0.0225,0.0231
901,FRIEDMAN,38374,0.9605,0.0041,0.006,0.0013,0.0094,0.0188
902,POTTS,38277,0.7956,0.1431,0.0055,0.0132,0.0199,0.0228
903,TRUONG,38267,0.0082,0.0011,0.9687,0.0003,0.016,0.0057
904,COSTA,38265,0.8316,0.0226,0.0182,0.0039,0.0211,0.1025
905,CORREA,38232,0.1037,0.01,0.0171,0.003,0.0122,0.8539
906,BLEVINS,38229,0.8947,0.0516,0.0037,0.0115,0.0212,0.0173
907,NIXON,38147,0.6204,0.3159,0.0057,0.0072,0.0251,0.0257
908,CLEMENTS,38044,0.8486,0.0992,0.005,0.0062,0.0185,0.0225
909,FRY,38029,0.9109,0.0313,0.0055,0.0114,0.0175,0.0234
910,DELAROSA,37932,0.0521,0.0059,0.0458,0.0028,0.0049,0.8885
911,BEST,37923,0.7182,0.225,0.0054,0.006,0.0179,0.0275
912,BENTON,37912,0.69,0.2495,0.0055,0.0089,0.0223,0.0237
913,LUGO,37903,0.069,0.01,0.0041,0.0025,0.0023,0.9121
914,PORTILLO,37890,0.0413,0.0045,0.0039,0.0017,0.0011,0.9476
915,DOUGHERTY,37884,0.9437,0.0107,0.0062,0.0028,0.0133,0.0234
916,CRANE,37870,0.9011,0.0426,0.0062,0.0062,0.0178,0.0261
917,HALEY,37858,0.8127,0.1323,0.0054,0.0072,0.02,0.0224
918,PHAN,37836,0.0128,0.0019,0.9583,0.0003,0.0201,0.0065
919,VILLALOBOS,37754,0.039,0.0023,0.0065,0.0023,0.0016,0.9484
920,BLANCHARD,37695,0.8487,0.0932,0.0051,0.008,0.0185,0.0265
921,HORNE,37689,0.7093,0.2403,0.0055,0.0057,0.0194,0.0198
922,FINLEY,37672,0.723,0.2135,0.0052,0.0124,0.0224,0.0236
923,QUINTANA,37657,0.082,0.0029,0.0106,0.0109,0.0031,0.8905
924,LYNN,37644,0.8461,0.0899,0.0142,0.0071,0.0177,0.025
925,ESQUIVEL,37578,0.0412,0.0015,0.0068,0.0016,0.0021,0.9466
926,BEAN,37571,0.8083,0.1342,0.0057,0.0091,0.0179,0.0248
927,DODSON,37566,0.8139,0.1231,0.0051,0.0138,0.022,0.022
928,MULLEN,37502,0.8764,0.0689,0.0073,0.0057,0.0186,0.0232
929,XIONG,37499,0.0033,0.0007,0.9807,0.0003,0.0114,0.0035
930,HAYDEN,37451,0.8059,0.1405,0.0065,0.0044,0.0203,0.0225
931,CANO,37368,0.0659,0.004,0.0117,0.0024,0.0033,0.9127
932,LEVY,37228,0.7916,0.1297,0.0085,0.0025,0.0165,0.0511
933,HUBER,37170,0.9517,0.0041,0.0064,0.0031,0.0136,0.0211
934,RICHMOND,37053,0.7172,0.2284,0.0053,0.0047,0.0222,0.0222
935,MOYER,37050,0.9337,0.024,0.0054,0.0034,0.0144,0.0191
936,LIM,37021,0.0286,0.0023,0.9224,0.0004,0.0304,0.0159
937,FRYE,36973,0.8304,0.1183,0.0053,0.0098,0.0187,0.0176
938,SHEPPARD,36960,0.6737,0.2679,0.0047,0.0078,0.0203,0.0256
939,MCCARTY,36944,0.8811,0.0637,0.0054,0.0082,0.0173,0.0244
940,AVALOS,36922,0.0354,0.0015,0.0021,0.0015,0.0012,0.9583
941,BOOKER,36840,0.2803,0.6522,0.0028,0.0037,0.0378,0.0233
942,WALLER,36805,0.6964,0.2515,0.0045,0.0048,0.021,0.0217
943,PARRA,36765,0.0645,0.003,0.0041,0.0035,0.002,0.9229
944,WOODWARD,36764,0.8974,0.048,0.0062,0.0068,0.018,0.0236
945,JARAMILLO,36755,0.0747,0.0027,0.01,0.0068,0.003,0.9028
946,KRUEGER,36743,0.9597,0.0024,0.0063,0.0036,0.0106,0.0173
947,RASMUSSEN,36636,0.9455,0.0027,0.0082,0.0035,0.0143,0.0258
948,BRANDT,36613,0.9413,0.0091,0.0065,0.0037,0.0141,0.0252
949,PERALTA,36585,0.0517,0.0042,0.0718,0.0033,0.0088,0.8603
950,DONALDSON,36558,0.7206,0.2212,0.005,0.004,0.0238,0.0254
951,STUART,36540,0.8401,0.0988,0.0069,0.0058,0.0181,0.0303
952,FAULKNER,36466,0.7938,0.1544,0.0045,0.006,0.0184,0.0228
953,MAYNARD,36460,0.8748,0.0699,0.0046,0.0069,0.0173,0.0265
954,GALINDO,36429,0.0587,0.0015,0.0076,0.0032,0.0025,0.9265
955,COFFEY,36423,0.8838,0.0672,0.0052,0.0074,0.017,0.0194
956,ESTES,36318,0.8675,0.0717,0.0048,0.0104,0.0207,0.0249
957,SANFORD,36312,0.7662,0.1778,0.0055,0.0066,0.0201,0.0239
958,BURCH,36269,0.7877,0.1535,0.0049,0.0078,0.0219,0.0241
959,MADDOX,36250,0.6975,0.2522,0.0042,0.0047,0.0194,0.0219
960,VO,36236,0.014,0.0016,0.9607,0.0004,0.0172,0.0061
961,OCONNELL,36194,0.9542,0.0032,0.0059,0.0018,0.0128,0.022
962,VU,36179,0.0104,,0.9661,,0.0168,0.0058
963,ANDERSEN,36150,0.94,0.0082,0.0069,0.004,0.0145,0.0263
964,SPENCE,36129,0.7223,0.2174,0.0061,0.0055,0.0213,0.0273
965,MCPHERSON,36125,0.7335,0.2066,0.0057,0.0061,0.0233,0.0249
966,CHURCH,36072,0.8918,0.0575,0.0047,0.0082,0.0163,0.0216
967,SCHMITT,36043,0.9568,0.0021,0.0058,0.0036,0.0118,0.0199
968,STANTON,35997,0.8289,0.1156,0.0071,0.0059,0.019,0.0236
969,LEAL,35958,0.1302,0.0051,0.0098,0.0024,0.0035,0.849
970,CHERRY,35877,0.5897,0.3545,0.0065,0.004,0.0249,0.0204
971,COMPTON,35830,0.8726,0.0781,0.0047,0.0069,0.0172,0.0204
972,DUDLEY,35781,0.6596,0.2767,0.0052,0.0074,0.0248,0.0262
973,SIERRA,35770,0.0723,0.0074,0.0064,0.0051,0.0032,0.9056
974,POLLARD,35749,0.6277,0.3139,0.0055,0.0057,0.024,0.0233
975,ALFARO,35725,0.0488,0.0029,0.0128,0.001,0.0019,0.9326
976,HESTER,35642,0.731,0.2194,0.0052,0.005,0.0218,0.0176
977,PROCTOR,35636,0.7012,0.2155,0.0053,0.0244,0.0311,0.0225
978,LU,35628,0.0177,0.0036,0.9574,0.0002,0.0143,0.0069
979,HINTON,35606,0.5316,0.4063,0.0037,0.0117,0.0258,0.0209
980,NOVAK,35461,0.9547,0.0033,0.007,0.0021,0.0107,0.0223
981,GOOD,35446,0.889,0.0548,0.0115,0.0041,0.0162,0.0243
982,MADDEN,35438,0.8448,0.1047,0.0068,0.0046,0.0177,0.0214
983,MCCANN,35408,0.8967,0.0548,0.0065,0.0043,0.016,0.0217
983,TERRELL,35408,0.5526,0.3899,0.0039,0.0075,0.0241,0.022
985,JARVIS,35350,0.8487,0.0929,0.0056,0.0055,0.0195,0.0277
986,DICKSON,35312,0.7576,0.1689,0.007,0.0136,0.0219,0.031
987,REYNA,35291,0.0618,0.0027,0.0047,0.0045,0.002,0.9243
988,CANTRELL,35266,0.8967,0.0468,0.0045,0.0118,0.0193,0.0209
989,MAYO,35228,0.6325,0.2218,0.0208,0.0091,0.0252,0.0907
990,BRANCH,35225,0.4737,0.459,0.005,0.0062,0.0263,0.0298
991,HENDRIX,35194,0.7799,0.1618,0.0047,0.0071,0.0223,0.0241
992,ROLLINS,35132,0.6829,0.2595,0.004,0.0048,0.024,0.0248
993,ROWLAND,35121,0.866,0.0742,0.006,0.0102,0.0188,0.0248
994,WHITNEY,35118,0.8544,0.0845,0.0083,0.0082,0.0199,0.0248
995,DUKE,35053,0.8545,0.0808,0.0062,0.0057,0.0196,0.0332
996,ODOM,35020,0.6903,0.2585,0.0045,0.0058,0.0199,0.0211
997,DAUGHERTY,34987,0.9001,0.0448,0.0047,0.0109,0.0194,0.02
998,TRAVIS,34985,0.7332,0.2101,0.0052,0.0053,0.0221,0.024
999,TANG,34961,0.0264,0.0062,0.9331,0.0005,0.0213,0.0125
1000,ARCHER,34949,0.795,0.1399,0.006,0.0074,0.0203,0.0313